<?xml version="1.0" encoding="UTF-8"?><rss version="2.0"
	xmlns:content="http://purl.org/rss/1.0/modules/content/"
	xmlns:dc="http://purl.org/dc/elements/1.1/"
	xmlns:atom="http://www.w3.org/2005/Atom"
	xmlns:sy="http://purl.org/rss/1.0/modules/syndication/"
	
	>
<channel>
	<title>
	Comments on: Laravel- Middleware	</title>
	<atom:link href="/index.php/2018/09/14/laravel-middleware/feed/" rel="self" type="application/rss+xml" />
	<link>/index.php/2018/09/14/laravel-middleware/</link>
	<description>&#60;For Those Who Code/&#62;</description>
	<lastBuildDate>
	Tue, 09 Apr 2019 02:05:35 +0000	</lastBuildDate>
	<sy:updatePeriod>
	hourly	</sy:updatePeriod>
	<sy:updateFrequency>
	1	</sy:updateFrequency>
	<generator>https://wordpress.org/?v=5.1.1</generator>
			<item>
				<title>
				By: Gayan Sampath				</title>
				<link>/index.php/2018/09/14/laravel-middleware/#comment-120</link>
		<dc:creator><![CDATA[Gayan Sampath]]></dc:creator>
		<pubDate>Thu, 27 Sep 2018 13:51:56 +0000</pubDate>
		<guid isPermaLink="false">/?p=1251#comment-120</guid>
					<description><![CDATA[tnx bn..]]></description>
		<content:encoded><![CDATA[<p>tnx bn..</p>
]]></content:encoded>
						</item>
						<item>
				<title>
				By: Kushan Ravindu				</title>
				<link>/index.php/2018/09/14/laravel-middleware/#comment-117</link>
		<dc:creator><![CDATA[Kushan Ravindu]]></dc:creator>
		<pubDate>Wed, 26 Sep 2018 03:03:30 +0000</pubDate>
		<guid isPermaLink="false">/?p=1251#comment-117</guid>
					<description><![CDATA[Fattta mcn... digatma karapn bokka mehema]]></description>
		<content:encoded><![CDATA[<p>Fattta mcn&#8230; digatma karapn bokka mehema</p>
]]></content:encoded>
						</item>
			</channel>
</rss>
