<?xml version="1.0" encoding="UTF-8"?><rss version="2.0"
	xmlns:content="http://purl.org/rss/1.0/modules/content/"
	xmlns:dc="http://purl.org/dc/elements/1.1/"
	xmlns:atom="http://www.w3.org/2005/Atom"
	xmlns:sy="http://purl.org/rss/1.0/modules/syndication/"
	
	>
<channel>
	<title>
	Comments on: Access modifiers	</title>
	<atom:link href="/index.php/2018/03/18/object-oriented-programming/feed/" rel="self" type="application/rss+xml" />
	<link>/index.php/2018/03/18/object-oriented-programming/</link>
	<description>&#60;For Those Who Code/&#62;</description>
	<lastBuildDate>
	Tue, 09 Apr 2019 02:05:35 +0000	</lastBuildDate>
	<sy:updatePeriod>
	hourly	</sy:updatePeriod>
	<sy:updateFrequency>
	1	</sy:updateFrequency>
	<generator>https://wordpress.org/?v=5.1.1</generator>
			<item>
				<title>
				By: Johan wiraj				</title>
				<link>/index.php/2018/03/18/object-oriented-programming/#comment-241</link>
		<dc:creator><![CDATA[Johan wiraj]]></dc:creator>
		<pubDate>Mon, 25 Feb 2019 09:33:16 +0000</pubDate>
		<guid isPermaLink="false">/?p=129#comment-241</guid>
					<description><![CDATA[Thanks bro]]></description>
		<content:encoded><![CDATA[<p>Thanks bro</p>
]]></content:encoded>
						</item>
			</channel>
</rss>
