<?xml version="1.0" encoding="UTF-8"?><rss version="2.0"
	xmlns:content="http://purl.org/rss/1.0/modules/content/"
	xmlns:dc="http://purl.org/dc/elements/1.1/"
	xmlns:atom="http://www.w3.org/2005/Atom"
	xmlns:sy="http://purl.org/rss/1.0/modules/syndication/"
	
	>
<channel>
	<title>
	Comments on: VueJs 2 &#8211; 08 Handling AJAX	</title>
	<atom:link href="/index.php/2018/05/01/vuejs-2-08/feed/" rel="self" type="application/rss+xml" />
	<link>/index.php/2018/05/01/vuejs-2-08/</link>
	<description>&#60;For Those Who Code/&#62;</description>
	<lastBuildDate>
	Tue, 09 Apr 2019 02:05:35 +0000	</lastBuildDate>
	<sy:updatePeriod>
	hourly	</sy:updatePeriod>
	<sy:updateFrequency>
	1	</sy:updateFrequency>
	<generator>https://wordpress.org/?v=5.1.1</generator>
			<item>
				<title>
				By: Sandun Prasanganath				</title>
				<link>/index.php/2018/05/01/vuejs-2-08/#comment-67</link>
		<dc:creator><![CDATA[Sandun Prasanganath]]></dc:creator>
		<pubDate>Mon, 09 Jul 2018 14:40:50 +0000</pubDate>
		<guid isPermaLink="false">/?p=1065#comment-67</guid>
					<description><![CDATA[patta machn***]]></description>
		<content:encoded><![CDATA[<p>patta machn***</p>
]]></content:encoded>
						</item>
			</channel>
</rss>
