<?xml version="1.0" encoding="UTF-8"?><rss version="2.0"
	xmlns:content="http://purl.org/rss/1.0/modules/content/"
	xmlns:dc="http://purl.org/dc/elements/1.1/"
	xmlns:atom="http://www.w3.org/2005/Atom"
	xmlns:sy="http://purl.org/rss/1.0/modules/syndication/"
	
	>
<channel>
	<title>
	Comments on: Web Application with Laravel	</title>
	<atom:link href="/index.php/2018/04/10/web-application-with-laravel/feed/" rel="self" type="application/rss+xml" />
	<link>/index.php/2018/04/10/web-application-with-laravel/</link>
	<description>&#60;For Those Who Code/&#62;</description>
	<lastBuildDate>
	Tue, 09 Apr 2019 02:05:35 +0000	</lastBuildDate>
	<sy:updatePeriod>
	hourly	</sy:updatePeriod>
	<sy:updateFrequency>
	1	</sy:updateFrequency>
	<generator>https://wordpress.org/?v=5.1.1</generator>
			<item>
				<title>
				By: Laravel වලින් Database Migrations කරමු. - The SIGMA				</title>
				<link>/index.php/2018/04/10/web-application-with-laravel/#comment-110</link>
		<dc:creator><![CDATA[Laravel වලින් Database Migrations කරමු. - The SIGMA]]></dc:creator>
		<pubDate>Mon, 17 Sep 2018 18:24:25 +0000</pubDate>
		<guid isPermaLink="false">/?p=768#comment-110</guid>
					<description><![CDATA[[&#8230;] laravel post එක නම් අපේ අනිත් ලිපි Set එකත් මෙතනින් [&#8230;]]]></description>
		<content:encoded><![CDATA[<p>[&#8230;] laravel post එක නම් අපේ අනිත් ලිපි Set එකත් මෙතනින් [&#8230;]</p>
]]></content:encoded>
						</item>
			</channel>
</rss>
