<?xml version="1.0" encoding="UTF-8"?><rss version="2.0"
	xmlns:content="http://purl.org/rss/1.0/modules/content/"
	xmlns:dc="http://purl.org/dc/elements/1.1/"
	xmlns:atom="http://www.w3.org/2005/Atom"
	xmlns:sy="http://purl.org/rss/1.0/modules/syndication/"
	
	>
<channel>
	<title>
	Comments on: VueJs 2 &#8211; 05 filters and computed properties	</title>
	<atom:link href="/index.php/2018/04/20/vuejs-2-05/feed/" rel="self" type="application/rss+xml" />
	<link>/index.php/2018/04/20/vuejs-2-05/</link>
	<description>&#60;For Those Who Code/&#62;</description>
	<lastBuildDate>
	Tue, 09 Apr 2019 02:05:35 +0000	</lastBuildDate>
	<sy:updatePeriod>
	hourly	</sy:updatePeriod>
	<sy:updateFrequency>
	1	</sy:updateFrequency>
	<generator>https://wordpress.org/?v=5.1.1</generator>
			<item>
				<title>
				By: Prasad Kavinda				</title>
				<link>/index.php/2018/04/20/vuejs-2-05/#comment-57</link>
		<dc:creator><![CDATA[Prasad Kavinda]]></dc:creator>
		<pubDate>Sat, 21 Apr 2018 15:09:56 +0000</pubDate>
		<guid isPermaLink="false">/?p=899#comment-57</guid>
					<description><![CDATA[elama bn. e gana liyanna kalin thawa podi dewal tikak thyanawa liyanna. ita passe me ganath (lagadima) liyannam.]]></description>
		<content:encoded><![CDATA[<p>elama bn. e gana liyanna kalin thawa podi dewal tikak thyanawa liyanna. ita passe me ganath (lagadima) liyannam.</p>
]]></content:encoded>
						</item>
						<item>
				<title>
				By: Kalana dananjaya				</title>
				<link>/index.php/2018/04/20/vuejs-2-05/#comment-55</link>
		<dc:creator><![CDATA[Kalana dananjaya]]></dc:creator>
		<pubDate>Fri, 20 Apr 2018 17:45:40 +0000</pubDate>
		<guid isPermaLink="false">/?p=899#comment-55</guid>
					<description><![CDATA[Great machan.keep going
Puluwan nam backend eka ekka AJAX request walin deal karana hatith me ekkama liyanna]]></description>
		<content:encoded><![CDATA[<p>Great machan.keep going<br />
Puluwan nam backend eka ekka AJAX request walin deal karana hatith me ekkama liyanna</p>
]]></content:encoded>
						</item>
			</channel>
</rss>
