<?xml version="1.0" encoding="UTF-8"?><rss version="2.0"
	xmlns:content="http://purl.org/rss/1.0/modules/content/"
	xmlns:dc="http://purl.org/dc/elements/1.1/"
	xmlns:atom="http://www.w3.org/2005/Atom"
	xmlns:sy="http://purl.org/rss/1.0/modules/syndication/"
	
	>
<channel>
	<title>
	Comments on: How to Use Github for your Project?	</title>
	<atom:link href="/index.php/2018/03/12/how-to-use-github-for-your-project/feed/" rel="self" type="application/rss+xml" />
	<link>/index.php/2018/03/12/how-to-use-github-for-your-project/</link>
	<description>&#60;For Those Who Code/&#62;</description>
	<lastBuildDate>
	Tue, 09 Apr 2019 02:05:35 +0000	</lastBuildDate>
	<sy:updatePeriod>
	hourly	</sy:updatePeriod>
	<sy:updateFrequency>
	1	</sy:updateFrequency>
	<generator>https://wordpress.org/?v=5.1.1</generator>
			<item>
				<title>
				By: klout.com				</title>
				<link>/index.php/2018/03/12/how-to-use-github-for-your-project/#comment-5</link>
		<dc:creator><![CDATA[klout.com]]></dc:creator>
		<pubDate>Sat, 17 Mar 2018 11:24:33 +0000</pubDate>
		<guid isPermaLink="false">/?p=31#comment-5</guid>
					<description><![CDATA[I delight in, lead to I found exactly what I was taking a 
look for. You&#039;ve ended my four day lengthy hunt!

God Bless you man. Have a great day. Bye ]]></description>
		<content:encoded><![CDATA[<p>I delight in, lead to I found exactly what I was taking a<br />
look for. You&#8217;ve ended my four day lengthy hunt!</p>
<p>God Bless you man. Have a great day. Bye </p>
]]></content:encoded>
						</item>
			</channel>
</rss>
