<?xml version="1.0" encoding="UTF-8"?><rss version="2.0"
	xmlns:content="http://purl.org/rss/1.0/modules/content/"
	xmlns:dc="http://purl.org/dc/elements/1.1/"
	xmlns:atom="http://www.w3.org/2005/Atom"
	xmlns:sy="http://purl.org/rss/1.0/modules/syndication/"
	
	>
<channel>
	<title>
	Comments on: Codeigniter වල folder structure  එක හඳුනාගනිමු	</title>
	<atom:link href="/index.php/2018/09/27/folder-structure-of-codeigniter/feed/" rel="self" type="application/rss+xml" />
	<link>/index.php/2018/09/27/folder-structure-of-codeigniter/</link>
	<description>&#60;For Those Who Code/&#62;</description>
	<lastBuildDate>
	Tue, 09 Apr 2019 02:05:35 +0000	</lastBuildDate>
	<sy:updatePeriod>
	hourly	</sy:updatePeriod>
	<sy:updateFrequency>
	1	</sy:updateFrequency>
	<generator>https://wordpress.org/?v=5.1.1</generator>
			<item>
				<title>
				By: Gayan Sampath				</title>
				<link>/index.php/2018/09/27/folder-structure-of-codeigniter/#comment-126</link>
		<dc:creator><![CDATA[Gayan Sampath]]></dc:creator>
		<pubDate>Tue, 02 Oct 2018 17:18:27 +0000</pubDate>
		<guid isPermaLink="false">/?p=1413#comment-126</guid>
					<description><![CDATA[tnx mcn]]></description>
		<content:encoded><![CDATA[<p>tnx mcn</p>
]]></content:encoded>
						</item>
						<item>
				<title>
				By: Isuru Nimantha				</title>
				<link>/index.php/2018/09/27/folder-structure-of-codeigniter/#comment-125</link>
		<dc:creator><![CDATA[Isuru Nimantha]]></dc:creator>
		<pubDate>Mon, 01 Oct 2018 13:39:55 +0000</pubDate>
		<guid isPermaLink="false">/?p=1413#comment-125</guid>
					<description><![CDATA[Great job .. Keep writing :)]]></description>
		<content:encoded><![CDATA[<p>Great job .. Keep writing 🙂</p>
]]></content:encoded>
						</item>
						<item>
				<title>
				By: Isuru Nimantha				</title>
				<link>/index.php/2018/09/27/folder-structure-of-codeigniter/#comment-124</link>
		<dc:creator><![CDATA[Isuru Nimantha]]></dc:creator>
		<pubDate>Mon, 01 Oct 2018 13:38:53 +0000</pubDate>
		<guid isPermaLink="false">/?p=1413#comment-124</guid>
					<description><![CDATA[Great job ... keep writing !]]></description>
		<content:encoded><![CDATA[<p>Great job &#8230; keep writing !</p>
]]></content:encoded>
						</item>
			</channel>
</rss>
