<?xml version="1.0" encoding="UTF-8"?><rss version="2.0"
	xmlns:content="http://purl.org/rss/1.0/modules/content/"
	xmlns:wfw="http://wellformedweb.org/CommentAPI/"
	xmlns:dc="http://purl.org/dc/elements/1.1/"
	xmlns:atom="http://www.w3.org/2005/Atom"
	xmlns:sy="http://purl.org/rss/1.0/modules/syndication/"
	xmlns:slash="http://purl.org/rss/1.0/modules/slash/"
	>

<channel>
	<title>share &#8211; The SIGMA</title>
	<atom:link href="/index.php/tag/share/feed/" rel="self" type="application/rss+xml" />
	<link>/</link>
	<description>&#60;For Those Who Code/&#62;</description>
	<lastBuildDate>
	Sat, 02 Mar 2019 16:57:34 +0000	</lastBuildDate>
	<language>en-US</language>
	<sy:updatePeriod>
	hourly	</sy:updatePeriod>
	<sy:updateFrequency>
	1	</sy:updateFrequency>
	<generator>https://wordpress.org/?v=5.1.1</generator>
	<item>
		<title>share mouse keyboard with multiple computers</title>
		<link>/index.php/2018/04/09/share-mouse-keyboard-with-multiple-computers/</link>
				<comments>/index.php/2018/04/09/share-mouse-keyboard-with-multiple-computers/#respond</comments>
				<pubDate>Sun, 08 Apr 2018 21:16:40 +0000</pubDate>
		<dc:creator><![CDATA[Prasad Kavinda]]></dc:creator>
				<category><![CDATA[Entertainment]]></category>
		<category><![CDATA[network]]></category>
		<category><![CDATA[tech]]></category>
		<category><![CDATA[mouse keyboard]]></category>
		<category><![CDATA[mousewithoutboarders]]></category>
		<category><![CDATA[share]]></category>
		<category><![CDATA[synergy]]></category>

		<guid isPermaLink="false">/?p=712</guid>
				<description><![CDATA[<p><span class="rt-reading-time" style="display: block;"><span class="rt-label">Reading Time: </span> <span class="rt-time">2</span> <span class="rt-label rt-postfix">minutes</span></span> ‍මේ කියන්න යන්නෙ lap එකේ වැඩ කරද්දි (විශේෂයෙන් ගෙදරදි) මට නිතරම උදව්වෙන පොඩි software කෑල්ලක් ගැන.(කෑල්ලක් කිව්වට, කෑලි 2 ක් තියෙනව ඇත්තටම 😀 ) Desktop එකයි lap එකයි දෙකම On කරගෙන වැඩ කරද්දි මට තිබ්බ ප්‍රශ්නයක් තමයි හැමතිස්සෙම mouse එකෙන් mouse එකට මාරු වෙන්න වෙන එක.(desktop එකෙන් lap එකට, lap<a class="moretag" href="/index.php/2018/04/09/share-mouse-keyboard-with-multiple-computers/"> Read more&#8230;</a></p>
<p>The post <a rel="nofollow" href="/index.php/2018/04/09/share-mouse-keyboard-with-multiple-computers/">share mouse keyboard with multiple computers</a> appeared first on <a rel="nofollow" href="/">The SIGMA</a>.</p>
]]></description>
								<content:encoded><![CDATA[<span class="rt-reading-time" style="display: block;"><span class="rt-label">Reading Time: </span> <span class="rt-time">2</span> <span class="rt-label rt-postfix">minutes</span></span><p>‍මේ කියන්න යන්නෙ lap එකේ වැඩ කරද්දි (විශේෂයෙන් ගෙදරදි) මට නිතරම උදව්වෙන පොඩි software කෑල්ලක් ගැන.(කෑල්ලක් කිව්වට, කෑලි 2 ක් තියෙනව ඇත්තටම 😀 ) Desktop එකයි lap එකයි දෙකම On කරගෙන වැඩ කරද්දි මට තිබ්බ ප්‍රශ්නයක් තමයි හැමතිස්සෙම mouse එකෙන් mouse එකට මාරු වෙන්න වෙන එක.(desktop එකෙන් lap එකට, lap එකෙන් desktop එකට) මේකට විසදුමක් නැද්ද කියල හොයද්දි මට හම්බ උනා <a href="https://www.microsoft.com/en-us/download/details.aspx?id=35460">මේක</a>.</p>
<p>Mouse without Boarders කියල පොඩි software එකක්. මේක Microsoft ලගෙ එකක්. ඒ උනාට සම්පූර්ණයෙන්ම Free. මේක අපිට  mouse/keyboard share කරන්න ඕනෙ computers දෙකේම (දෙකක් විතරක් නෙවෙයි 4ක් වෙනකන් පුළුවන්) install කරන්න ඕනෙ. ඊළඟට පළවෙනි computer එකෙන් දෙන key එක දෙවනි computer එකේ enter කරාම හරි. දැන් මේ computer 2, එකම network එකකට connect  උන ගමන් (router එකකට වගේ), එක computer එකක තියෙන mouse/keyboard වලිින් අනිත් computer එකත් control කරන්න පුළුවන්. ඒ විතරක් නෙවෙයි file උනත් drag &amp; drop කරන්න පුළුවන්. clipboard එක උනත් share වෙනව. ඒත් ඉතින් මේක වැඩ කරන්නෙ windows වල විතරයි.</p>
<p>Linux/Windows අතරෙ mouse එක share කරන්න ඉතින් ඒකෙන් බෑ. මම සමහර වෙලාවට linux වලිනුත් වැඩ කරන නිසා, දෙකටම හරියන එකක් හොයද්දි  හම්බ උනා synergy කියල software එකක්.</p>
<p><img class="size-medium wp-image-720 aligncenter" src="/wp-content/uploads/2018/04/Synergy-Logo-Large-300x94.png" alt="synergy logo" width="300" height="94" srcset="/wp-content/uploads/2018/04/Synergy-Logo-Large-300x94.png 300w, /wp-content/uploads/2018/04/Synergy-Logo-Large-768x240.png 768w, /wp-content/uploads/2018/04/Synergy-Logo-Large.png 1000w" sizes="(max-width: 300px) 100vw, 300px" /></p>
<p>මේකෙන් පුළුවන් Linux/windows/mac ඕක එකක් එක්ක connect කරන්න. හැබැයි ඉතිං මේක free එකක් නෙවෙයි.(Linux වලට නම් free) එ්ත් ඉතිං free එකක් torrent එකකින් හොයාගන්න බැරිවෙන්නෙ නෑ 😐 . මේකත් ඉතිං අර කලින් එක වගේ computer 2කේම install කරන්න ඕනෙ. හැබැයි මේකෙ version කීපයක්ම තියෙන නිසා computer 2කේම එකම version එකක් තියෙන්න ඕන නැත්තම් connect වෙන්නෙ නෑ.</p>
<p>mouse with boarders වගේ නෙවෙයි මේකෙදි එක computer එකක් server එකක් විදියට set කරල, ඉතිරි එ්ව client විදියට හදන්න ඕනෙ. එතකොට අර server computer එකේ mouse/keyboard වලින් client ලව control කරන්න පුළුවන්. mouse with boarders එක එහෙම නෑ. ඕන එකකින් ඕන එකක් control කරන්න පුළුවන්. ඒ වගේම synergy වලින් file share කරන්නත් බෑ.</p>
<p>අන්තිමට කියන්න තියෙන්නෙ මෙච්චරයි. මේ වගේ software තියෙනකම් අපිට දියවැඩියාව හැදෙන එක නවත්තන්න බෑ. ඇයි ඉතිං ඒකටවත් මහන්සි වෙන්න කැමති නෑ නෙ. 😀 😀</p>
<p>The post <a rel="nofollow" href="/index.php/2018/04/09/share-mouse-keyboard-with-multiple-computers/">share mouse keyboard with multiple computers</a> appeared first on <a rel="nofollow" href="/">The SIGMA</a>.</p>
]]></content:encoded>
							<wfw:commentRss>/index.php/2018/04/09/share-mouse-keyboard-with-multiple-computers/feed/</wfw:commentRss>
		<slash:comments>0</slash:comments>
							</item>
	</channel>
</rss>
