<?xml version="1.0" encoding="UTF-8"?><rss version="2.0"
	xmlns:content="http://purl.org/rss/1.0/modules/content/"
	xmlns:dc="http://purl.org/dc/elements/1.1/"
	xmlns:atom="http://www.w3.org/2005/Atom"
	xmlns:sy="http://purl.org/rss/1.0/modules/syndication/"
	
	>
<channel>
	<title>
	Comments on: Laravel වලින් CRUD Operations කරමු.	</title>
	<atom:link href="/index.php/2018/09/04/laravel-crud-operations/feed/" rel="self" type="application/rss+xml" />
	<link>/index.php/2018/09/04/laravel-crud-operations/</link>
	<description>&#60;For Those Who Code/&#62;</description>
	<lastBuildDate>
	Tue, 09 Apr 2019 02:05:35 +0000	</lastBuildDate>
	<sy:updatePeriod>
	hourly	</sy:updatePeriod>
	<sy:updateFrequency>
	1	</sy:updateFrequency>
	<generator>https://wordpress.org/?v=5.1.1</generator>
			<item>
				<title>
				By: Kushan Ravindu				</title>
				<link>/index.php/2018/09/04/laravel-crud-operations/#comment-112</link>
		<dc:creator><![CDATA[Kushan Ravindu]]></dc:creator>
		<pubDate>Thu, 20 Sep 2018 04:54:41 +0000</pubDate>
		<guid isPermaLink="false">/?p=1205#comment-112</guid>
					<description><![CDATA[Superb bro!!]]></description>
		<content:encoded><![CDATA[<p>Superb bro!!</p>
]]></content:encoded>
						</item>
						<item>
				<title>
				By: Page not found - The SIGMA				</title>
				<link>/index.php/2018/09/04/laravel-crud-operations/#comment-109</link>
		<dc:creator><![CDATA[Page not found - The SIGMA]]></dc:creator>
		<pubDate>Mon, 10 Sep 2018 19:45:42 +0000</pubDate>
		<guid isPermaLink="false">/?p=1205#comment-109</guid>
					<description><![CDATA[[&#8230;] By Danushka Herath, 1 min ago  September 11, 2018            [&#8230;]]]></description>
		<content:encoded><![CDATA[<p>[&#8230;] By Danushka Herath, 1 min ago  September 11, 2018            [&#8230;]</p>
]]></content:encoded>
						</item>
			</channel>
</rss>
