<?xml version="1.0" encoding="UTF-8"?><rss version="2.0"
	xmlns:content="http://purl.org/rss/1.0/modules/content/"
	xmlns:dc="http://purl.org/dc/elements/1.1/"
	xmlns:atom="http://www.w3.org/2005/Atom"
	xmlns:sy="http://purl.org/rss/1.0/modules/syndication/"
	
	>
<channel>
	<title>
	Comments on: MEAN Part 1 (Mongo DB)	</title>
	<atom:link href="/index.php/2018/09/22/mean-part-1/feed/" rel="self" type="application/rss+xml" />
	<link>/index.php/2018/09/22/mean-part-1/</link>
	<description>&#60;For Those Who Code/&#62;</description>
	<lastBuildDate>
	Tue, 09 Apr 2019 02:05:35 +0000	</lastBuildDate>
	<sy:updatePeriod>
	hourly	</sy:updatePeriod>
	<sy:updateFrequency>
	1	</sy:updateFrequency>
	<generator>https://wordpress.org/?v=5.1.1</generator>
			<item>
				<title>
				By: Kushan Ravindu				</title>
				<link>/index.php/2018/09/22/mean-part-1/#comment-127</link>
		<dc:creator><![CDATA[Kushan Ravindu]]></dc:creator>
		<pubDate>Wed, 03 Oct 2018 17:21:18 +0000</pubDate>
		<guid isPermaLink="false">/?p=1334#comment-127</guid>
					<description><![CDATA[Fattama mcn]]></description>
		<content:encoded><![CDATA[<p>Fattama mcn</p>
]]></content:encoded>
						</item>
						<item>
				<title>
				By: Danushka Herath				</title>
				<link>/index.php/2018/09/22/mean-part-1/#comment-114</link>
		<dc:creator><![CDATA[Danushka Herath]]></dc:creator>
		<pubDate>Sun, 23 Sep 2018 04:58:53 +0000</pubDate>
		<guid isPermaLink="false">/?p=1334#comment-114</guid>
					<description><![CDATA[patta mchn]]></description>
		<content:encoded><![CDATA[<p>patta mchn</p>
]]></content:encoded>
						</item>
			</channel>
</rss>
