<?xml version="1.0" encoding="UTF-8"?><rss version="2.0"
	xmlns:content="http://purl.org/rss/1.0/modules/content/"
	xmlns:dc="http://purl.org/dc/elements/1.1/"
	xmlns:atom="http://www.w3.org/2005/Atom"
	xmlns:sy="http://purl.org/rss/1.0/modules/syndication/"
	
	>
<channel>
	<title>
	Comments on: Laravel Basic Application එකක් හදමු.	</title>
	<atom:link href="/index.php/2018/04/25/laravel-basic-application/feed/" rel="self" type="application/rss+xml" />
	<link>/index.php/2018/04/25/laravel-basic-application/</link>
	<description>&#60;For Those Who Code/&#62;</description>
	<lastBuildDate>
	Tue, 09 Apr 2019 02:05:35 +0000	</lastBuildDate>
	<sy:updatePeriod>
	hourly	</sy:updatePeriod>
	<sy:updateFrequency>
	1	</sy:updateFrequency>
	<generator>https://wordpress.org/?v=5.1.1</generator>
			<item>
				<title>
				By: Laravel වලින් CRUD Operations කරමු. - The SIGMA				</title>
				<link>/index.php/2018/04/25/laravel-basic-application/#comment-106</link>
		<dc:creator><![CDATA[Laravel වලින් CRUD Operations කරමු. - The SIGMA]]></dc:creator>
		<pubDate>Mon, 03 Sep 2018 18:44:05 +0000</pubDate>
		<guid isPermaLink="false">/?p=1008#comment-106</guid>
					<description><![CDATA[[&#8230;] Basic Application in Laravel [&#8230;]]]></description>
		<content:encoded><![CDATA[<p>[&#8230;] Basic Application in Laravel [&#8230;]</p>
]]></content:encoded>
						</item>
			</channel>
</rss>
