<?xml version="1.0" encoding="UTF-8"?><rss version="2.0"
	xmlns:content="http://purl.org/rss/1.0/modules/content/"
	xmlns:wfw="http://wellformedweb.org/CommentAPI/"
	xmlns:dc="http://purl.org/dc/elements/1.1/"
	xmlns:atom="http://www.w3.org/2005/Atom"
	xmlns:sy="http://purl.org/rss/1.0/modules/syndication/"
	xmlns:slash="http://purl.org/rss/1.0/modules/slash/"
	>

<channel>
	<title>testnig &#8211; The SIGMA</title>
	<atom:link href="/index.php/tag/testnig/feed/" rel="self" type="application/rss+xml" />
	<link>/</link>
	<description>&#60;For Those Who Code/&#62;</description>
	<lastBuildDate>
	Sat, 02 Mar 2019 16:57:34 +0000	</lastBuildDate>
	<language>en-US</language>
	<sy:updatePeriod>
	hourly	</sy:updatePeriod>
	<sy:updateFrequency>
	1	</sy:updateFrequency>
	<generator>https://wordpress.org/?v=5.1.1</generator>
	<item>
		<title>Angular 7 මුල සිට ඉගෙන ගනිමු &#8211; 2 කොටස</title>
		<link>/index.php/2019/01/19/angular-7-step2/</link>
				<comments>/index.php/2019/01/19/angular-7-step2/#respond</comments>
				<pubDate>Sat, 19 Jan 2019 02:54:18 +0000</pubDate>
		<dc:creator><![CDATA[Gayan Sampath]]></dc:creator>
				<category><![CDATA[angular.js]]></category>
		<category><![CDATA[web development]]></category>
		<category><![CDATA[angular]]></category>
		<category><![CDATA[bootstrap]]></category>
		<category><![CDATA[json]]></category>
		<category><![CDATA[testnig]]></category>

		<guid isPermaLink="false">/?p=1588</guid>
				<description><![CDATA[<p><span class="rt-reading-time" style="display: block;"><span class="rt-label">Reading Time: </span> <span class="rt-time">3</span> <span class="rt-label rt-postfix">minutes</span></span> ආයුබෝවන් හැමෝටම! ඔන්න මම අදත් ආවා Angular පාඩම් මාලාවේ දෙවන පාඩමත් සමගින්.අපි කලින් පාඩමේ කතා කලා මොකද්ද Angular කියන්නේ, ඇයි Angular පාවිච්චි කරන්නේ කියලා හා කොහොමද Angular install කරලා run කරන්නේ කියන එක ගැන.කලින් පාඩම මඟ හැරුන කෙනෙක් ඉන්නවනම් මෙතනින් ගිහින් බලන්නත් පුලුවන්..හරි එහෙනන් අපි අද පාඩමට බහිමු. මුලින්ම අපි<a class="moretag" href="/index.php/2019/01/19/angular-7-step2/"> Read more&#8230;</a></p>
<p>The post <a rel="nofollow" href="/index.php/2019/01/19/angular-7-step2/">Angular 7 මුල සිට ඉගෙන ගනිමු &#8211; 2 කොටස</a> appeared first on <a rel="nofollow" href="/">The SIGMA</a>.</p>
]]></description>
								<content:encoded><![CDATA[<span class="rt-reading-time" style="display: block;"><span class="rt-label">Reading Time: </span> <span class="rt-time">3</span> <span class="rt-label rt-postfix">minutes</span></span>
<p>ආයුබෝවන් හැමෝටම! ඔන්න මම අදත් ආවා Angular පාඩම් මාලාවේ දෙවන පාඩමත් සමගින්.අපි කලින් පාඩමේ කතා කලා මොකද්ද Angular කියන්නේ, ඇයි Angular පාවිච්චි කරන්නේ කියලා හා කොහොමද Angular install කරලා run කරන්නේ කියන එක ගැන.කලින් පාඩම මඟ හැරුන කෙනෙක් ඉන්නවනම් <a href="/index.php/2019/01/16/angular7/">මෙතනින්</a> ගිහින් බලන්නත් පුලුවන්..හරි එහෙනන් අපි අද පාඩමට බහිමු.</p>



<p>මුලින්ම අපි Angular වල folder structure එක ගැන බලමු..කලින් පාඩමේ අපි හදා ගත්ත angular project එක මොකක් හරි text editor එකකින් open කලාම මෙන්න මේ වගේ folder structure එකක් දැක ගන්ට පුලුවන්..</p>



<div class="wp-block-image"><figure class="aligncenter"><img src="/wp-content/uploads/2019/01/folder.jpg" alt="" class="wp-image-1589" srcset="/wp-content/uploads/2019/01/folder.jpg 314w, /wp-content/uploads/2019/01/folder-300x268.jpg 300w" sizes="(max-width: 314px) 100vw, 314px" /></figure></div>



<p>මෙහි අපිට දැක ගන්න පුලුවන් e2e, node module හා src කියලා ලොකු folder තුනකුයි තව .json file කිහිපයකුයි .මුලින්ම අපි ලොකු folder තුන ගැන කතා කරමු.</p>



<p><strong>e2e </strong>&#8211; මේ folder එකේ තියන files  පාවිච්චි කරන්නේ testing වලට.</p>



<p><strong><em>node module</em></strong> &#8211; මේ folder එකේ තමයි අපේ project එකට අදාල modules install කරලා තියා ගන්නේ.උදාහරණයක් විදියට ගත්තොත් අපේ project එකට bootstrap ඕනි කියලා හිතමුකෝ&#8230; bootstrap install වෙන්නේ මෙන්න මේ node module කියන folder එකේ තමයි.</p>



<p><strong><em>src</em></strong> &#8211; මේ folder එකේ තමයි අපේ project එකට අවශය වැදගත්ම files ටික තියෙන්නේ.src folder එක open කරලා බැලුවොත් මුලින්ම අපිට දැක ගන්න පුලුවන් <strong>app</strong> කියලා folder එකක්..අපේ project එකට අදාල වන component වල files තියා ගන්නේ මෙන්න මේ app folder එක ඇතුලේ.තවද,<strong>main.ts</strong> file එක, <strong>index.html</strong> file එක වගේ ඒවා තබා ගන්නෙත් මෙන්න මේ src folder එක ඇතුලේ.</p>



<p><strong><em>package.json</em></strong> &#8211; මෙන්න මේ file එකේ තමයි තියෙන්නේ අපේ project එකට අදාලව තියන dependency වල විස්තර හා install කරලා තියන modules වල විස්තර..මේ විස්තර වලට අදාලව තියෙන dependency හා modules  තියෙන්නේ අපි කලින් සදහන් කල node module කියන folder එක ඇතුලේ. පහලින් ඔයාලට බලා ගන්න පුලුවන් package.json file එකේ තියන code line කීපයක්..</p>



<div class="wp-block-image"><figure class="aligncenter"><img src="/wp-content/uploads/2019/01/li.jpg" alt="" class="wp-image-1590"/></figure></div>



<p><em>මේ code line කිහිපය දැක්කට පස්සේ ඔයාලාට මතක් වෙන්න ඇති අපි කලින් පාඩමේ කතා කරපු ng serve හා npm start කියන command දෙක.කලින් පාඩමේ කිව්ව විදියට Angular වල server එක start කරන්න තමයි මේ command දෙක ගත්තේ..මේවා දෙකෙන් කරන වැඩේ එකම වුනාට වැඩකරන විදිය වෙනස්.. ng serve command එකෙන් වෙන්නේ server එකට direct ම කියනවා start වෙන්න කියලා&#8230;නමුත් npm start command එක දුන්නාම වෙන්නේ internally ng serve කියන command එක run වෙලා තමයි server එක start වෙන්නේ..කෙලින්ම server එක start කරන්න යන්නේ නෑ&#8230;ඔය වගේම තමයි npm build හා ng build , npm test හා ng test &#8230;යන command වැඩ </em>කරන්නනෙත්<em>..මේ ටික නම් කිව්වේ ඔයාලගේ අමතර දැනුමට..කෝකටත් කියලා දැනගෙන ඉන්න එක හොදයිනේ..</em>😀😀..</p>



<p>හරි ඔන්න ඔය වගේ folder structure එකක් තමයි Angular වල තියෙන්නේ…දැන් අපි බලමු Angular වල index page එක render වුනේ කොහොමද කියලා.</p>



<p>ඔයාලට මතක ඇති අපි කලින් පාඩමේදී කතා කලා කොහොමද Angular project එක run කරන්නේ කියන එක ගැන..එහිදී Angular වල server එක start කරලා ng -o හරි ng -open හරි ගැහුවාම Auto ම localhost:4200 port එකේ app එක run වුනා.අපි දැං බලමු කොහොමද මේ වැඩේ වුනේ කියලා.localhost:4200 කියන url එක ආවාම මුලින්ම request එක එන්නේ src folder එක ඇතුලේ තියන main.ts කියන typescript file එකට..ඊට පස්සේ main.ts file එකෙන්  src/app folder එකේ තියන app.module.ts  file එකට (root module) call වෙනවා ..ඊට පස්සේ app.component.ts කියන root component එකේ class එකට ඇවිත් තමයි අවසානයේදී app.component.html page එක render  වෙලා පෙන්නුවේ ..හරි හැටි තේරුනේ නැතිනම් අවුලක් ගන්න එපා ..ඊලග පාඩමේදී හරියටම තේරේවි.</p>



<p style="text-align:left" class="has-background has-white-background-color">හරි අදට අපි කතා කරන්න බලාපොරොත්තු වෙන්නේ ඔච්චරයි..මීලඟ පාඩමේදී අපි බලමු Angular වල component ගැන..post එක ගැන ඔයාලගේ අදහස comment එකක් දාන්නත් අමතක කරන්න එපා..මීලඟ පාඩමෙන් හමුවනතුරු ඔබට සුභ දවසක්!  !</p>
<p>The post <a rel="nofollow" href="/index.php/2019/01/19/angular-7-step2/">Angular 7 මුල සිට ඉගෙන ගනිමු &#8211; 2 කොටස</a> appeared first on <a rel="nofollow" href="/">The SIGMA</a>.</p>
]]></content:encoded>
							<wfw:commentRss>/index.php/2019/01/19/angular-7-step2/feed/</wfw:commentRss>
		<slash:comments>0</slash:comments>
							</item>
	</channel>
</rss>
