<?xml version="1.0" encoding="UTF-8"?><rss version="2.0"
	xmlns:content="http://purl.org/rss/1.0/modules/content/"
	xmlns:dc="http://purl.org/dc/elements/1.1/"
	xmlns:atom="http://www.w3.org/2005/Atom"
	xmlns:sy="http://purl.org/rss/1.0/modules/syndication/"
	
	>
<channel>
	<title>
	Comments on: Make LED cube with Arduino  **  ආඩුඊනෝ වලින් LED cube එකක් හදමු.	</title>
	<atom:link href="/index.php/2018/04/02/make-led-cube-with-arduino/feed/" rel="self" type="application/rss+xml" />
	<link>/index.php/2018/04/02/make-led-cube-with-arduino/</link>
	<description>&#60;For Those Who Code/&#62;</description>
	<lastBuildDate>
	Tue, 09 Apr 2019 02:05:35 +0000	</lastBuildDate>
	<sy:updatePeriod>
	hourly	</sy:updatePeriod>
	<sy:updateFrequency>
	1	</sy:updateFrequency>
	<generator>https://wordpress.org/?v=5.1.1</generator>
			<item>
				<title>
				By: boadilla				</title>
				<link>/index.php/2018/04/02/make-led-cube-with-arduino/#comment-113</link>
		<dc:creator><![CDATA[boadilla]]></dc:creator>
		<pubDate>Fri, 21 Sep 2018 09:50:27 +0000</pubDate>
		<guid isPermaLink="false">/?p=294#comment-113</guid>
					<description><![CDATA[Hi to every one, because I am truly keen of reading this webpage&#039;s post to be 
updated on a regular basis. It contains good information.]]></description>
		<content:encoded><![CDATA[<p>Hi to every one, because I am truly keen of reading this webpage&#8217;s post to be<br />
updated on a regular basis. It contains good information.</p>
]]></content:encoded>
						</item>
						<item>
				<title>
				By: Himagra				</title>
				<link>/index.php/2018/04/02/make-led-cube-with-arduino/#comment-107</link>
		<dc:creator><![CDATA[Himagra]]></dc:creator>
		<pubDate>Sat, 08 Sep 2018 03:37:47 +0000</pubDate>
		<guid isPermaLink="false">/?p=294#comment-107</guid>
					<description><![CDATA[Well done Malimbadaya...]]></description>
		<content:encoded><![CDATA[<p>Well done Malimbadaya&#8230;</p>
]]></content:encoded>
						</item>
						<item>
				<title>
				By: Prasad Kavinda				</title>
				<link>/index.php/2018/04/02/make-led-cube-with-arduino/#comment-37</link>
		<dc:creator><![CDATA[Prasad Kavinda]]></dc:creator>
		<pubDate>Wed, 11 Apr 2018 18:12:58 +0000</pubDate>
		<guid isPermaLink="false">/?p=294#comment-37</guid>
					<description><![CDATA[එලම. ඉදිරියෙදි බලමු නෙ.!!]]></description>
		<content:encoded><![CDATA[<p>එලම. ඉදිරියෙදි බලමු නෙ.!!</p>
]]></content:encoded>
						</item>
			</channel>
</rss>
