<?xml version="1.0" encoding="UTF-8"?><rss version="2.0"
	xmlns:content="http://purl.org/rss/1.0/modules/content/"
	xmlns:dc="http://purl.org/dc/elements/1.1/"
	xmlns:atom="http://www.w3.org/2005/Atom"
	xmlns:sy="http://purl.org/rss/1.0/modules/syndication/"
	
	>
<channel>
	<title>
	Comments on: IP ADDRESSING හැදෙන්නේ කොහොමද?	</title>
	<atom:link href="/index.php/2018/04/07/ip-addressing/feed/" rel="self" type="application/rss+xml" />
	<link>/index.php/2018/04/07/ip-addressing/</link>
	<description>&#60;For Those Who Code/&#62;</description>
	<lastBuildDate>
	Tue, 09 Apr 2019 02:05:35 +0000	</lastBuildDate>
	<sy:updatePeriod>
	hourly	</sy:updatePeriod>
	<sy:updateFrequency>
	1	</sy:updateFrequency>
	<generator>https://wordpress.org/?v=5.1.1</generator>
			<item>
				<title>
				By: Kaththa				</title>
				<link>/index.php/2018/04/07/ip-addressing/#comment-108</link>
		<dc:creator><![CDATA[Kaththa]]></dc:creator>
		<pubDate>Sat, 08 Sep 2018 15:05:00 +0000</pubDate>
		<guid isPermaLink="false">/?p=567#comment-108</guid>
					<description><![CDATA[Thamk u...! Great work]]></description>
		<content:encoded><![CDATA[<p>Thamk u&#8230;! Great work</p>
]]></content:encoded>
						</item>
			</channel>
</rss>
