<?xml version="1.0" encoding="UTF-8"?><rss version="2.0"
	xmlns:content="http://purl.org/rss/1.0/modules/content/"
	xmlns:wfw="http://wellformedweb.org/CommentAPI/"
	xmlns:dc="http://purl.org/dc/elements/1.1/"
	xmlns:atom="http://www.w3.org/2005/Atom"
	xmlns:sy="http://purl.org/rss/1.0/modules/syndication/"
	xmlns:slash="http://purl.org/rss/1.0/modules/slash/"
	>

<channel>
	<title>cyber security &#8211; The SIGMA</title>
	<atom:link href="/index.php/category/cyber/feed/" rel="self" type="application/rss+xml" />
	<link>/</link>
	<description>&#60;For Those Who Code/&#62;</description>
	<lastBuildDate>
	Sat, 02 Mar 2019 16:57:34 +0000	</lastBuildDate>
	<language>en-US</language>
	<sy:updatePeriod>
	hourly	</sy:updatePeriod>
	<sy:updateFrequency>
	1	</sy:updateFrequency>
	<generator>https://wordpress.org/?v=5.1.1</generator>
	<item>
		<title>Full Tutorial About Darkweb</title>
		<link>/index.php/2018/09/15/full-tutorial-about-darkweb/</link>
				<comments>/index.php/2018/09/15/full-tutorial-about-darkweb/#respond</comments>
				<pubDate>Sat, 15 Sep 2018 07:00:14 +0000</pubDate>
		<dc:creator><![CDATA[manoj]]></dc:creator>
				<category><![CDATA[cyber security]]></category>
		<category><![CDATA[darknet]]></category>
		<category><![CDATA[darkweb]]></category>

		<guid isPermaLink="false">/?p=1302</guid>
				<description><![CDATA[<p><span class="rt-reading-time" style="display: block;"><span class="rt-label">Reading Time: </span> <span class="rt-time">1</span> <span class="rt-label rt-postfix">minute</span></span> මේ එකෙන් මන් darkweb ගැන complete විස්තරයක් සහ darkweb බාවිත කරන විදිය සහ අපේ website එකක් darkweb එකට host විදිය කියල දෙන්න බලාපොරොත්තු වෙනවා. part 1-&#62; part 2-&#62; &#160;</p>
<p>The post <a rel="nofollow" href="/index.php/2018/09/15/full-tutorial-about-darkweb/">Full Tutorial About Darkweb</a> appeared first on <a rel="nofollow" href="/">The SIGMA</a>.</p>
]]></description>
								<content:encoded><![CDATA[<span class="rt-reading-time" style="display: block;"><span class="rt-label">Reading Time: </span> <span class="rt-time">1</span> <span class="rt-label rt-postfix">minute</span></span><p>මේ එකෙන් මන් darkweb ගැන complete විස්තරයක් සහ darkweb බාවිත කරන විදිය සහ අපේ website එකක් darkweb එකට host විදිය කියල දෙන්න බලාපොරොත්තු වෙනවා.</p>
<p>part 1-&gt;</p>
<p><iframe width="750" height="422" src="https://www.youtube.com/embed/ebR01fboQ5Q?start=95&#038;feature=oembed" frameborder="0" allow="autoplay; encrypted-media" allowfullscreen></iframe></p>
<p>part 2-&gt;</p>
<p><iframe width="750" height="422" src="https://www.youtube.com/embed/s1w7dVC3_lk?feature=oembed" frameborder="0" allow="autoplay; encrypted-media" allowfullscreen></iframe></p>
<p>&nbsp;</p>
<p>The post <a rel="nofollow" href="/index.php/2018/09/15/full-tutorial-about-darkweb/">Full Tutorial About Darkweb</a> appeared first on <a rel="nofollow" href="/">The SIGMA</a>.</p>
]]></content:encoded>
							<wfw:commentRss>/index.php/2018/09/15/full-tutorial-about-darkweb/feed/</wfw:commentRss>
		<slash:comments>0</slash:comments>
							</item>
		<item>
		<title>මොකක්ද මේ wireshark සහ wireshark install කරන විදිය</title>
		<link>/index.php/2018/08/27/wireshark-tutorial/</link>
				<comments>/index.php/2018/08/27/wireshark-tutorial/#respond</comments>
				<pubDate>Mon, 27 Aug 2018 17:16:53 +0000</pubDate>
		<dc:creator><![CDATA[manoj]]></dc:creator>
				<category><![CDATA[cyber security]]></category>
		<category><![CDATA[tech]]></category>
		<category><![CDATA[wireshark]]></category>

		<guid isPermaLink="false">/?p=1185</guid>
				<description><![CDATA[<p><span class="rt-reading-time" style="display: block;"><span class="rt-label">Reading Time: </span> <span class="rt-time">1</span> <span class="rt-label rt-postfix">minute</span></span> හරි අද අපි බලමු මොකද්ද මේ wireshark කියන්නේ කියල සහ මේ tool එක බාවිතා කරන විදිය.. ඇත්තටම මොකද්ද මේ wireshark? protocols සහ අනෙක් වැදගත් දේවල්.. &#160;</p>
<p>The post <a rel="nofollow" href="/index.php/2018/08/27/wireshark-tutorial/">මොකක්ද මේ wireshark සහ wireshark install කරන විදිය</a> appeared first on <a rel="nofollow" href="/">The SIGMA</a>.</p>
]]></description>
								<content:encoded><![CDATA[<span class="rt-reading-time" style="display: block;"><span class="rt-label">Reading Time: </span> <span class="rt-time">1</span> <span class="rt-label rt-postfix">minute</span></span><p>හරි අද අපි බලමු මොකද්ද මේ wireshark කියන්නේ කියල සහ මේ tool එක බාවිතා කරන විදිය..</p>
<p>ඇත්තටම මොකද්ද මේ wireshark?</p>
<p><iframe width="750" height="422" src="https://www.youtube.com/embed/EiV_d6rPCtQ?start=197&#038;feature=oembed" frameborder="0" allow="autoplay; encrypted-media" allowfullscreen></iframe></p>
<p>protocols සහ අනෙක් වැදගත් දේවල්..</p>
<p><iframe width="750" height="422" src="https://www.youtube.com/embed/JxdXtKC7tRg?start=2&#038;feature=oembed" frameborder="0" allow="autoplay; encrypted-media" allowfullscreen></iframe></p>
<p>&nbsp;</p>
<p><iframe width="750" height="422" src="https://www.youtube.com/embed/iabW-AyWlJk?feature=oembed" frameborder="0" allow="autoplay; encrypted-media" allowfullscreen></iframe></p>
<p>The post <a rel="nofollow" href="/index.php/2018/08/27/wireshark-tutorial/">මොකක්ද මේ wireshark සහ wireshark install කරන විදිය</a> appeared first on <a rel="nofollow" href="/">The SIGMA</a>.</p>
]]></content:encoded>
							<wfw:commentRss>/index.php/2018/08/27/wireshark-tutorial/feed/</wfw:commentRss>
		<slash:comments>0</slash:comments>
							</item>
	</channel>
</rss>
