<?xml version="1.0" encoding="UTF-8"?><rss version="2.0"
	xmlns:content="http://purl.org/rss/1.0/modules/content/"
	xmlns:wfw="http://wellformedweb.org/CommentAPI/"
	xmlns:dc="http://purl.org/dc/elements/1.1/"
	xmlns:atom="http://www.w3.org/2005/Atom"
	xmlns:sy="http://purl.org/rss/1.0/modules/syndication/"
	xmlns:slash="http://purl.org/rss/1.0/modules/slash/"
	>

<channel>
	<title>npm &#8211; The SIGMA</title>
	<atom:link href="/index.php/tag/npm/feed/" rel="self" type="application/rss+xml" />
	<link>/</link>
	<description>&#60;For Those Who Code/&#62;</description>
	<lastBuildDate>
	Sat, 02 Mar 2019 16:57:34 +0000	</lastBuildDate>
	<language>en-US</language>
	<sy:updatePeriod>
	hourly	</sy:updatePeriod>
	<sy:updateFrequency>
	1	</sy:updateFrequency>
	<generator>https://wordpress.org/?v=5.1.1</generator>
	<item>
		<title>Angular7 මුල සිට ඉගෙන ගනිමු-1 කොටස</title>
		<link>/index.php/2019/01/16/angular7/</link>
				<comments>/index.php/2019/01/16/angular7/#comments</comments>
				<pubDate>Wed, 16 Jan 2019 03:41:40 +0000</pubDate>
		<dc:creator><![CDATA[Gayan Sampath]]></dc:creator>
				<category><![CDATA[angular.js]]></category>
		<category><![CDATA[web development]]></category>
		<category><![CDATA[angular]]></category>
		<category><![CDATA[MEAN]]></category>
		<category><![CDATA[mongo DB]]></category>
		<category><![CDATA[nodejs]]></category>
		<category><![CDATA[npm]]></category>

		<guid isPermaLink="false">/?p=1551</guid>
				<description><![CDATA[<p><span class="rt-reading-time" style="display: block;"><span class="rt-label">Reading Time: </span> <span class="rt-time">3</span> <span class="rt-label rt-postfix">minutes</span></span> මුලින්ම ආයුබෝවන් කියනවා යාලුවෝ හැමෝටම..ගොඩ කාලෙකට පස්සේ ඔන්න මං ඇරගෙන ආවා අලුත්ම පාඩම් මාලාවක්..thesigma blog අඩවියත් සමග නිරන්තරයෙන් රැදී සිටි යාලුවෝ නම් දන්නවා අපි කලින් අපි කලින් පාඩමේ කතා කලා MEAN stack වල Database system එක වන mongoDB ගැන..ඒ පාඩම් ටික කලින් මඟ හැරුන කෙනෙක් ඉන්නවනම් මෙතනින් ගිහින් බලන්න පුලුවන්..අද<a class="moretag" href="/index.php/2019/01/16/angular7/"> Read more&#8230;</a></p>
<p>The post <a rel="nofollow" href="/index.php/2019/01/16/angular7/">Angular7 මුල සිට ඉගෙන ගනිමු-1 කොටස</a> appeared first on <a rel="nofollow" href="/">The SIGMA</a>.</p>
]]></description>
								<content:encoded><![CDATA[<span class="rt-reading-time" style="display: block;"><span class="rt-label">Reading Time: </span> <span class="rt-time">3</span> <span class="rt-label rt-postfix">minutes</span></span>
<p>මුලින්ම ආයුබෝවන් කියනවා යාලුවෝ හැමෝටම..ගොඩ කාලෙකට පස්සේ ඔන්න මං ඇරගෙන ආවා අලුත්ම පාඩම් මාලාවක්..thesigma blog අඩවියත් සමග නිරන්තරයෙන් රැදී සිටි යාලුවෝ නම් දන්නවා අපි කලින් අපි කලින් පාඩමේ කතා කලා  MEAN stack  වල Database system එක  වන mongoDB  ගැන..ඒ පාඩම් ටික කලින් මඟ හැරුන කෙනෙක් ඉන්නවනම් <a href="/index.php/category/web-development/mean-stack/">මෙතනින්</a> ගිහින් බලන්න පුලුවන්..අද මම පටන් ගන්න යන්නේ ඒ පාඩම් මාලාවේ දෙවන දිගහැරුමයි..ඒ තමයි  <strong>Angular</strong>  .</p>



<p>ඇත්තටම කියනවනම් Angular කියන්නේ ඉතාම කෙටි කාලෙකින් මෑත කාලීනව ගොඩක් ජනප්‍රිය වුන javascript front end framework(client side frame work) එකක්.2016  September 14  තමයි මුලින්ම Angular හදුන්වා දෙන්නේ..ඊටපස්සේ 2017 march 23 දී Angular version 4 ද, 2017 november 1 දී Angular version 5 ද, 2018  May 4 දී Angular version 6 ද හදුන්වා දෙනවා ..මං මේ post එක ලියන මේ මොහොතේ තියන latest ම version එක තමයි 2018  October  මාසයේ හදුන්වා දුන් Angular version 7..පේනවනේ නේද  මේ  frame work එක දියණු වෙලා තියන ඉක්මන😃😃😃..ඇත්තටම Angular හදුන්වා දුන්නේ google වුනාට microsoft ලාගේ typescript language එකත් මේකේ තියනවා..ඒ ගැන අපි පස්සේ හෙමීට බලමුකෝ..😀😀</p>



<p>ඇත්තටම  මොකද්ද    මේ  Angular වල තියෙන විශේෂත්වය ..ඒ තමයි එක page එකක ඉදලා තවත් page එකකට යද්දි url එකට අදාලව component වෙනස් වීමක් පමණයි වෙන්නේ..මුලු page එකම refresh වීමක් වෙන්නෑ…ඔන්න ඔය නිසා අපිට පුලුවන් අපේ app එකේ efficiency එක වැඩි කර ගන්න..ඔන්න ඕක තමයි Angular frame work එකේ තියන ප්‍රධානම විශේෂත්වය..හරි එහෙනන්  Angular ගැන පොඩි හෝ idea එකක් ගන්න ඇති කියලා හිතනවා..අපි දැන් බලමු Angular කොහොමද install කරගන්නේ කියලා..</p>



<p>මේ සදහා අපිට මුලින්ම nodejs සහ npm ( Node Package Manager  ) install කර ගන්න වෙනවා..සාමානයයෙන් nodejs intall කරනකොට npm auto ම install වෙනවා..පහල තියන url එකෙන් ගිහින් ඔයාගේ machine එකට අදාල nodejs version එක <a href="https://nodejs.org/en/">download</a> කරලා install කර ගන්න පුලුවන්..</p>



<figure class="wp-block-image"><img src="/wp-content/uploads/2019/01/cap4-1024x502.jpg" alt="" class="wp-image-1554" srcset="/wp-content/uploads/2019/01/cap4-1024x502.jpg 1024w, /wp-content/uploads/2019/01/cap4-300x147.jpg 300w, /wp-content/uploads/2019/01/cap4-768x377.jpg 768w, /wp-content/uploads/2019/01/cap4.jpg 1350w" sizes="(max-width: 1024px) 100vw, 1024px" /></figure>



<p>ඔන්න ඔය විදියට install කර ගත්ත nodejs version එක අපිට බලන්න පුලුවන් command prompt එකේ ng -v ලෙස type කරලා..npm -v ලෙස type කරලා npm version එක බලන්න පුලුවන්.ඔන්න ඔය ටික තමයි prerequisites වෙන්නේ Angular සමග වැඩ කරද්දි.</p>



<p>ඔන්න ඔය prerequisites satisfy කලාම අපිට පුලුවන් අලුත් Angular project එකක් start කරන්න.මේ සදහා ng new &lt;project_name&gt; කියන command එක පාවිච්චි කරන්න පුලුවන්..හරි මම Desktop එකේ අලුත් project එකක් හදනවා angular කියලා..ඊට අදාල command ටික මෙන්න මේ විදියට run කරන්න පුලුවන්..</p>



<ul class="wp-block-gallery columns-1 is-cropped"><li class="blocks-gallery-item"><figure><img src="/wp-content/uploads/2019/01/Capture1-1-1024x102.jpg" alt="" data-id="1566" data-link="/?attachment_id=1566" class="wp-image-1566" srcset="/wp-content/uploads/2019/01/Capture1-1-1024x102.jpg 1024w, /wp-content/uploads/2019/01/Capture1-1-300x30.jpg 300w, /wp-content/uploads/2019/01/Capture1-1-768x76.jpg 768w, /wp-content/uploads/2019/01/Capture1-1.jpg 1366w" sizes="(max-width: 1024px) 100vw, 1024px" /></figure></li></ul>



<p>ඊටපස්සේ මෙන්න මේ වගේ files ගොඩක් Download වෙනවා..</p>



<ul class="wp-block-gallery columns-1 is-cropped"><li class="blocks-gallery-item"><figure><img src="/wp-content/uploads/2019/01/cap2-2-1024x492.jpg" alt="" data-id="1568" data-link="/?attachment_id=1568" class="wp-image-1568" srcset="/wp-content/uploads/2019/01/cap2-2-1024x492.jpg 1024w, /wp-content/uploads/2019/01/cap2-2-300x144.jpg 300w, /wp-content/uploads/2019/01/cap2-2-768x369.jpg 768w, /wp-content/uploads/2019/01/cap2-2.jpg 1366w" sizes="(max-width: 1024px) 100vw, 1024px" /></figure></li></ul>



<figure class="wp-block-image"><img src="/wp-content/uploads/2019/01/cap3-1-1024x255.jpg" alt="" class="wp-image-1569" srcset="/wp-content/uploads/2019/01/cap3-1-1024x255.jpg 1024w, /wp-content/uploads/2019/01/cap3-1-300x75.jpg 300w, /wp-content/uploads/2019/01/cap3-1-768x191.jpg 768w, /wp-content/uploads/2019/01/cap3-1.jpg 1366w" sizes="(max-width: 1024px) 100vw, 1024px" /></figure>



<p>හරි එහෙනම් අපි දැන් අලුත් project එකක් start කලා angular කියලා..අපි දැන් බලමු හදා ගත්ත project එක run කරන්නේ කොහොමද කියලා..ගොඩක් frame work වල වගේම Angular වලත් තියනවා එයාටම කියලා server එකක්..project එක run කරනවානම් මුලින්ම අපි ng serve හරි npm start හරි ගහලා server එක start කරගෙන ඉන්න ඕනි.ඊට පස්සේ ng -open හරි ng -o හරි ගැහුවහම automatically ඔයාලගේ browser එකේ localhost:4200 කියන port එකේ app එක run වෙනවා..ඔන්න ඔය විදියට app එක run කලාම මෙන්න මේ වගේ view එකක් අපිට බලා ගන්න පුලුවන්.</p>



<ul class="wp-block-gallery columns-1 is-cropped"><li class="blocks-gallery-item"><figure><img src="/wp-content/uploads/2019/01/a-1024x462.jpg" alt="" data-id="1573" data-link="/?attachment_id=1573" class="wp-image-1573" srcset="/wp-content/uploads/2019/01/a-1024x462.jpg 1024w, /wp-content/uploads/2019/01/a-300x135.jpg 300w, /wp-content/uploads/2019/01/a-768x347.jpg 768w, /wp-content/uploads/2019/01/a.jpg 1351w" sizes="(max-width: 1024px) 100vw, 1024px" /></figure></li></ul>



<p>හරි අදට ඇති නේද😃..පාඩම නම් ටිකක් දිග වුනා තමයි , නමුත් අපි දැන ගත්තා මොකද්ද Angular කියන්නේ, ඇයි Angular විශේෂ වෙනේ ,කොහාමද Angular project එකක් හදා ගන්නේ හා කොහොමද හදා ගත්ත Angular project එක run කරන්නේ කියන එක ගැන..මීලඟ පාඩමේදී අපි බලමු Angular වල folder structure එක සහ index page එක කොහොමද render වුනේ කියන එක ගැන…අදට පාඩම හමාර කරන්නයි යන්නේ..post එක ගැන ඔයාලගේ අදහස comment එකක් දාන්නත් අමතක කරන්න එපා..මීලඟ පාඩමෙන් හමුවනතුරු ඔබට සුභ දවසක්!😊</p>
<p>The post <a rel="nofollow" href="/index.php/2019/01/16/angular7/">Angular7 මුල සිට ඉගෙන ගනිමු-1 කොටස</a> appeared first on <a rel="nofollow" href="/">The SIGMA</a>.</p>
]]></content:encoded>
							<wfw:commentRss>/index.php/2019/01/16/angular7/feed/</wfw:commentRss>
		<slash:comments>2</slash:comments>
							</item>
	</channel>
</rss>
