<?xml version="1.0" encoding="UTF-8"?><rss version="2.0"
	xmlns:content="http://purl.org/rss/1.0/modules/content/"
	xmlns:dc="http://purl.org/dc/elements/1.1/"
	xmlns:atom="http://www.w3.org/2005/Atom"
	xmlns:sy="http://purl.org/rss/1.0/modules/syndication/"
	
	>
<channel>
	<title>
	Comments on: Introduction to Computer Systems	</title>
	<atom:link href="/index.php/2018/04/07/introduction-to-computer-systems/feed/" rel="self" type="application/rss+xml" />
	<link>/index.php/2018/04/07/introduction-to-computer-systems/</link>
	<description>&#60;For Those Who Code/&#62;</description>
	<lastBuildDate>
	Tue, 09 Apr 2019 02:05:35 +0000	</lastBuildDate>
	<sy:updatePeriod>
	hourly	</sy:updatePeriod>
	<sy:updateFrequency>
	1	</sy:updateFrequency>
	<generator>https://wordpress.org/?v=5.1.1</generator>
			<item>
				<title>
				By: Shehan Rangana				</title>
				<link>/index.php/2018/04/07/introduction-to-computer-systems/#comment-24</link>
		<dc:creator><![CDATA[Shehan Rangana]]></dc:creator>
		<pubDate>Sat, 07 Apr 2018 16:27:08 +0000</pubDate>
		<guid isPermaLink="false">/?p=595#comment-24</guid>
					<description><![CDATA[අදහසට ස්තූතියි. මේ ලිපියෙන් බලාපොරොත්තු වුනේ මූලික හැඳින්වීමක් කරන්න විතරයි. ඉදිරි ලිපි වලදී දිගට ලියන්න බලාපොරොත්තු වෙනවා.]]></description>
		<content:encoded><![CDATA[<p>අදහසට ස්තූතියි. මේ ලිපියෙන් බලාපොරොත්තු වුනේ මූලික හැඳින්වීමක් කරන්න විතරයි. ඉදිරි ලිපි වලදී දිගට ලියන්න බලාපොරොත්තු වෙනවා.</p>
]]></content:encoded>
						</item>
						<item>
				<title>
				By: chamika				</title>
				<link>/index.php/2018/04/07/introduction-to-computer-systems/#comment-23</link>
		<dc:creator><![CDATA[chamika]]></dc:creator>
		<pubDate>Sat, 07 Apr 2018 15:22:21 +0000</pubDate>
		<guid isPermaLink="false">/?p=595#comment-23</guid>
					<description><![CDATA[තව දිගට ලියපං]]></description>
		<content:encoded><![CDATA[<p>තව දිගට ලියපං</p>
]]></content:encoded>
						</item>
			</channel>
</rss>
