<?xml version="1.0" encoding="UTF-8"?><rss version="2.0"
	xmlns:content="http://purl.org/rss/1.0/modules/content/"
	xmlns:wfw="http://wellformedweb.org/CommentAPI/"
	xmlns:dc="http://purl.org/dc/elements/1.1/"
	xmlns:atom="http://www.w3.org/2005/Atom"
	xmlns:sy="http://purl.org/rss/1.0/modules/syndication/"
	xmlns:slash="http://purl.org/rss/1.0/modules/slash/"
	>

<channel>
	<title>ubuntu &#8211; The SIGMA</title>
	<atom:link href="/index.php/category/ubuntu/feed/" rel="self" type="application/rss+xml" />
	<link>/</link>
	<description>&#60;For Those Who Code/&#62;</description>
	<lastBuildDate>
	Sat, 02 Mar 2019 16:57:34 +0000	</lastBuildDate>
	<language>en-US</language>
	<sy:updatePeriod>
	hourly	</sy:updatePeriod>
	<sy:updateFrequency>
	1	</sy:updateFrequency>
	<generator>https://wordpress.org/?v=5.1.1</generator>
	<item>
		<title>Windows එක්ක Ubuntu Dual Boot කරමු</title>
		<link>/index.php/2018/03/28/windows-ubuntu-dual-boot/</link>
				<comments>/index.php/2018/03/28/windows-ubuntu-dual-boot/#respond</comments>
				<pubDate>Wed, 28 Mar 2018 08:28:21 +0000</pubDate>
		<dc:creator><![CDATA[Danushka Herath]]></dc:creator>
				<category><![CDATA[ubuntu]]></category>
		<category><![CDATA[ubuntu install]]></category>

		<guid isPermaLink="false">/?p=338</guid>
				<description><![CDATA[<p><span class="rt-reading-time" style="display: block;"><span class="rt-label">Reading Time: </span> <span class="rt-time">6</span> <span class="rt-label rt-postfix">minutes</span></span> අද ලිපියෙන් කතා කරන්න යන්නේ දැනට Windows මෙහෙයුම් පද්ධතියක් එක්ක වැඩ කරන Lap එකක් නැත්නම් Desktop එකකට Ubuntu Install කරගන්නේ කොහොමද කියලා. මේ වැඩේ කරන්න ප්‍රධාන ක්‍රම දෙකක් තියෙනවා. එකක් තමයි Virtual Box Software එකක් අරගෙන Windows වල Install කරලා Virtual Box එක උඩ Ubuntu හරි නැත්නම් තමන් කැමති මෙහෙයම්<a class="moretag" href="/index.php/2018/03/28/windows-ubuntu-dual-boot/"> Read more&#8230;</a></p>
<p>The post <a rel="nofollow" href="/index.php/2018/03/28/windows-ubuntu-dual-boot/">Windows එක්ක Ubuntu Dual Boot කරමු</a> appeared first on <a rel="nofollow" href="/">The SIGMA</a>.</p>
]]></description>
								<content:encoded><![CDATA[<span class="rt-reading-time" style="display: block;"><span class="rt-label">Reading Time: </span> <span class="rt-time">6</span> <span class="rt-label rt-postfix">minutes</span></span><p>අද ලිපියෙන් කතා කරන්න යන්නේ දැනට Windows මෙහෙයුම් පද්ධතියක් එක්ක වැඩ කරන Lap එකක් නැත්නම් Desktop එකකට Ubuntu Install කරගන්නේ කොහොමද කියලා. මේ වැඩේ කරන්න ප්‍රධාන ක්‍රම දෙකක් තියෙනවා. එකක් තමයි Virtual Box Software එකක් අරගෙන Windows වල Install කරලා Virtual Box එක උඩ Ubuntu හරි නැත්නම් තමන් කැමති මෙහෙයම් පද්ධතියක් අරගෙන වැඩ කරන එක. මේ ක්‍රමයේදි අනිවාර්යයෙන්ම Ubuntu OS එක ඇතුලට යන්න ඕන වුනොත් Windows වලට ගිහින් Virtual Box එක On කරලා අපේ අනිත් මෙහෙයුම් පද්ධතිය Load කරගන්න වෙන්නේ.<br />
හැබැයි මේ ලිපියෙදි මම කියල දෙන්න බලාපොරොත්තු වෙන්නේ වෙන වෙනම මේ මෙහෙයුම් පද්ධති දෙක පරිගණකයේ ස්ථාපනය කරගන්නේ කොහොමද කියලා. මේ ක්‍රමයේදි පරිගණකය Boot වෙනකොට අහනවා ඔයාට මොන මෙහෙයුම් පද්ධතියකින්ද දැන් පරිගණකය Boot කරගන්න ඕන කියලා. ඔයාලට ඒ වෙලාවට අවශ්‍ය කරන මෙහෙයුම් පද්ධතියක් ඒ වෙලාවෙදි තෝර ගන්න පුළුවන්. උදාගරණයක් විදියට පහල තියෙන Image එක බලන්න.</p>
<p><img class="aligncenter wp-image-339" src="/wp-content/uploads/2018/03/dual-boot-windows-7-e-ubuntu-linux-com-o-grub-medium-postbit-54876-300x170.png" alt="grub boot loader" width="561" height="318" srcset="/wp-content/uploads/2018/03/dual-boot-windows-7-e-ubuntu-linux-com-o-grub-medium-postbit-54876-300x170.png 300w, /wp-content/uploads/2018/03/dual-boot-windows-7-e-ubuntu-linux-com-o-grub-medium-postbit-54876.png 520w" sizes="(max-width: 561px) 100vw, 561px" /></p>
<h3 style="text-align: center;"><span style="text-decoration: underline;"><strong>1වෙනි පියවර</strong></span></h3>
<p>මුලින්ම අපිට Ubuntu Install කරගන්න නම් Ubuntu OS එක ඕන වෙනවා. දැනටමත් මොකක් හරි Version එකක් Download කරලා තියෙනවා නම් කමක් නෑ. නැත්නම් Ubuntu Official Site එකට <a href="https://www.ubuntu.com/download/desktop">මෙතනින්</a> ගිහින් Download කරගන්න තමන් කැමති Version එකක්. මේ Post එක ලියන දවස වෙනකොට නම් ඇවිත් තියෙන Latest Version එක Ubuntu 17.10.01 හැබැයි මම Recommend කරන version එක 16.04 LTS Version එක. LTS Version එකක තියෙන විශේෂත්වය තමයි මේ වර්ගයේ Ubuntu Version වලට උපරිම අවුරුදු 4ක් විතර වෙනකම් Updates හම්බෙනවා. අනිත් version වලට ගොඩක් වෙලාවට අවුරුද්දක් විතර යනකම් විතරයි Support කරන්නේ.</p>
<p>හරි කැමති Version එකක් Download කරගත්තට පස්සේ කරන්න තියෙන්නේ මේ OS එක Install කරන්න පුළුවන් වෙ විදියේ Bootable Device එකක් හදාගන්න එක. Bootable Device එකක් විදියට අපිට USB Drive එකක් එහෙමත් නැත්නම් DVD එකක් භාවිතා කරන්න පුළුවන්. හැබැයි මම මේ Tute එකේදි භාවිතා කරන්නේ USB Drive (Pen Drive) එකක්. Pen එකක් Bootable කරගන්න අපිට තවත් පොඩි Software එකක් ඕන වෙනවා. ඒ තමයි Rufus. ඒක ඔයාල ළඟ නැත්නම් <a href="https://rufus.akeo.ie/">මෙතනින්</a> Download කරගන්න.</p>
<p>දැන් Rufus On කරගන්න. දැන් ඔයාලට  මේ වගේ Interface එකක් දකින්න පුළුවන් වෙයි.</p>
<p><img class="aligncenter wp-image-341" src="/wp-content/uploads/2018/03/figure-a-212x300.jpg" alt="Rufus Interface" width="333" height="471" srcset="/wp-content/uploads/2018/03/figure-a-212x300.jpg 212w, /wp-content/uploads/2018/03/figure-a-768x1089.jpg 768w, /wp-content/uploads/2018/03/figure-a-722x1024.jpg 722w, /wp-content/uploads/2018/03/figure-a.jpg 770w" sizes="(max-width: 333px) 100vw, 333px" /></p>
<p>හරි, මම දැන් පැහැදිලි කරගෙන යන්න හදන්නේ මේ Interface එකේ තියෙන එක එක Options වලින් මොනාද වෙන්නේ කියලා.</p>
<p style="padding-left: 30px;"><strong>Device : </strong>මුලින්ම තියෙන Drop Down එක තමයි මේක. මෙතනින් ඔයාට Bootable කරගන්න ඕන Pen Drive එක  Select කරගන්න ඕන.</p>
<p style="padding-left: 30px;"><strong>Partition Scheme and Target System Type: </strong>මෙතනින් Select කරන්න ඕන Install කරන්න ඕන Scheme එක. මේකෙදි GPT format එක Select කරනවා නම් හොදයි. මොකද GPT එක තමයි දැනට තියෙන අලුත්ම Scheme එක. හැබැයි සමහර පරණ පරිගණක මේකට Support කරන්නේ නෑ. මොකද GPT Scheme එක අඳුන ගන්න පුළුවන් EFI/UEFT වර්ගයේ Firmware එකක් තියෙනවා නම් විතරයි. MBR එක දැනට අවුරුදු 30ක් විතර භාවිතා BIOS වර්ගයේ Firmware වලට හදපු Scheme එකක්. GPT දාල ඉස්සරහට යන්න බැරි වුණොත් මෙතනින් MBR Select කරන්න.</p>
<p style="padding-left: 30px;"><strong>File System: </strong>මේකෙදි තෝර ගන්න Options 2ක් තියෙනවා. FAT32 / NTFS. ඔයා NTFS file type එකෙන් pen එක හැදුවොත් සමහර වෙලාවට මේක UEFI එකට Read කරගන්න බැරි වෙනවා. NTFS එකයි FAT32 එකයි අතර වෙස තමයි FAT 32 වලදි 4GB වලට වැඩි file එකක් තියාගන්න බෑ. හැබැයි අපේ OS එක ඒච්චර ලොකු නැති නිසා අපිට පහසුවෙන් FAT32 එක භාවිතා කරන්න පුළුවන්.</p>
<p style="padding-left: 30px;"><strong>Cluster Size: </strong>මේක PEN Dirve එකේ data write කරන විදිය Change කරන්න තියෙන Option එකක්. ඒක වෙනස් කරන්නේ නැතුව ඒ විදියටම තියන්න.</p>
<p style="padding-left: 30px;"><strong>Volume Lable: </strong>මේකට කැමති නමක් භාවිතා කරන්න පුළුවන්. ඒ කියන්නේ Pen Drive එක අඳුන ගන්න පුළුවන් නමක් දාගන්න.</p>
<p>අපි තාම Download කරගත්ත Ubuntu ISO file එක Select කරේ නෑ. ඒක කරන්නේ පහලින් තියෙන පොඩි DVD ROM එකේ ICON එක උඩ click කරලා. පැහැදිලි නැත්නම් පහල Image එක බලන්න.</p>
<p><img class="aligncenter wp-image-343" src="/wp-content/uploads/2018/03/ScreenClip-214x300.png" alt="ISO img" width="292" height="409" srcset="/wp-content/uploads/2018/03/ScreenClip-214x300.png 214w, /wp-content/uploads/2018/03/ScreenClip.png 455w" sizes="(max-width: 292px) 100vw, 292px" /></p>
<p><strong>ඔයා මේක බලාගෙන උඩ ඉඳන් තියෙන් Settings ටික හදාගෙන ආව නම් මේ ISO එක Select කරපු ගමන් සාමාන්‍යයෙන් ආපහු ඔක්කොම RESET වෙනවා. ඒක හින්දා Start Click කරන්න කලින් ආපහු බලන්න හදපු විදියට තියෙවද කියලා.</strong></p>
<h3 style="text-align: center;"><span style="text-decoration: underline;"><em><strong>දෙවෙනි පියවර</strong></em></span></h3>
<p><strong>(දැනට ඔයාගෙ පරිගණකයේ භාවිතා කරන්නේ නැති Empty partition එකක් තියෙනවා නම් මේ පියවර කරන්න අවශ්‍ය වෙන්නේ නෑ. තුන්වෙනි පියවරට යන්න පුළුවන්. හැබැයි ඒ Partition එක ආපහු Windows ඇතුලෙදි භාවිතා කරන්න බැරි වෙනවා.)</strong></p>
<p>මේ පියවරේදි අපි කරන්න යන්නේ පරිගණකයේ අලුත් OS එක දාන්න හිස් ඉඩක් හදා ගන්න එක. ඇත්තටම හිස් Partition එකක් හදා ගන්න එක. දැන් එක පාරටම ඔළුවට එන්නේ මේක හදා ගන්නේ කොහොමද කියන එකයි කොච්චර Size එකක් ඕනද කියන එකයි. පළවෙනි ප්‍රශ්නෙට උත්තරය පහලට යනකොට හොයා ගන්න පුළුවන් වෙයි. හැබැයි දෙවෙනි ප්‍රශ්නෙට උත්තරේ එක එක්කෙනා අනුව වෙනස් වෙනවා. උදාහරණයක් විදියට මම නිකන් Ubuntu කියන්නේ මොකද්ද කියලා දාලා බලන්න හදන කෙනෙක් නම් ඔයාට OS එකට යන ඉඩට අමතරය තව 5GB විතර වැඩිපුර තිබුණාම ඇති. හැබැයි ඔයා Ubuntu වල දිගටම වැඩ කරන්න හිතන් ඉන්න කෙනෙක් නම් සාමාන්‍යයෙන් අමතර 25GB විතර තියා ගත්තොත් හොඳයි.</p>
<p>හරි දැන් අපි කරන්න හදන්නේ දැනට ඔයාගෙ පරිගණකයේ තියෙන Partition වලට වත් ඒවා ඇතුලේ තියෙන Data වලට වත් හානියක් කරන්නේ නැතුව තවත් පොඩි partition එකකට Data Shrink කරගන්න. ආපහු මේකටත් පොඩි Gadget කෑල්ලක් ඕන වෙනවා. <a href="https://www.partitionwizard.com/">Minitool Partition Wizard</a>. මේක free දෙන Software එකක්. නැත්නම් <a href="https://www.partitionwizard.com/">Download</a> කරගන්න.</p>
<p>Install කරගෙන Open කරගන්න.</p>
<p><img class=" wp-image-344 aligncenter" src="/wp-content/uploads/2018/03/minitool-partition-wizard-free-10-58a5c5b35f9b58a3c9aadff5-300x198.png" alt="" width="577" height="381" srcset="/wp-content/uploads/2018/03/minitool-partition-wizard-free-10-58a5c5b35f9b58a3c9aadff5-300x198.png 300w, /wp-content/uploads/2018/03/minitool-partition-wizard-free-10-58a5c5b35f9b58a3c9aadff5.png 768w" sizes="(max-width: 577px) 100vw, 577px" /></p>
<p>මේ Software එක භාවිතා කරලා අවශ්‍ය Partition එක Resize කරගන්න පුළුවන්. ඉතිරි වෙන කොටසින් Unpartition Space එකක් හැදෙනවා. ඒකෙන් අවශ්‍ය Size එක අරගෙන අලුත් partition එකක් Create කරගන්න. අන්තිමට ඔක්කොම කරගෙන ඉවර වුණාම උඩම Menu Bar එකේ තියෙන Apply Button එක Click කරන්න. දැන් Changes ඔක්කොම Hard එකට Write වෙනවා.</p>
<h3 style="text-align: center;"><span style="text-decoration: underline;"><em><strong>3වෙනි පියවර</strong></em></span></h3>
<p>දැනට අපි ළඟ තියෙනවා Ubuntu Bootable විදියට හදපු Pen Drive එකක්. ඒ වගේම ඒක Install කරගන්න Free Space එකක්. දැන් මේ පියවරේදි කරන්නේ අර pen එකේ තියෙන ෆයිල් ටික අලුත් Partition එකට Install කරන එක. මේ වැඩේ කරන්න Windows වලදි බැහැ. දැන් පරිගණකය PEN එකෙන් Boot කරගන්න ඕන. ඒකට කරන්න තියෙන ලේසිම විදිය තමයි Start Menu එකේ Restart Button එක Shift එක Press කරගෙන Click කරන එක. දැන් මේ විදියේ Insterface එකක් open වෙනවා.</p>
<p><img class="aligncenter wp-image-345" src="/wp-content/uploads/2018/03/advanced-startup-options-windows-10-56a6fad85f9b58b7d0e5d1a3-300x169.png" alt="shift+restart" width="676" height="381" srcset="/wp-content/uploads/2018/03/advanced-startup-options-windows-10-56a6fad85f9b58b7d0e5d1a3-300x169.png 300w, /wp-content/uploads/2018/03/advanced-startup-options-windows-10-56a6fad85f9b58b7d0e5d1a3.png 768w" sizes="(max-width: 676px) 100vw, 676px" /></p>
<p>Use a Device Click කරලා Pen එක එතනින් Select කරගන්න. දැන් restart වෙලා Pen එකෙන් computer එක boot වෙනවා.</p>
<p>දැන් මේ වගේ Boot option window එකක් open වෙනවා.</p>
<p><img class="aligncenter wp-image-347" src="/wp-content/uploads/2018/03/Ubuntu-16.04-Boot-Screen-300x225.png" alt="bootloader" width="615" height="461" srcset="/wp-content/uploads/2018/03/Ubuntu-16.04-Boot-Screen-300x225.png 300w, /wp-content/uploads/2018/03/Ubuntu-16.04-Boot-Screen-768x576.png 768w, /wp-content/uploads/2018/03/Ubuntu-16.04-Boot-Screen.png 1024w" sizes="(max-width: 615px) 100vw, 615px" /></p>
<p>දැන් මෙතනින් Install Ubuntu Option එක select කරගන්න.</p>
<p><img class="aligncenter wp-image-348" src="/wp-content/uploads/2018/03/29fc2a1fe70fec17-300x176.jpg" alt="first" width="551" height="323" srcset="/wp-content/uploads/2018/03/29fc2a1fe70fec17-300x176.jpg 300w, /wp-content/uploads/2018/03/29fc2a1fe70fec17-768x452.jpg 768w, /wp-content/uploads/2018/03/29fc2a1fe70fec17.jpg 1024w" sizes="(max-width: 551px) 100vw, 551px" /></p>
<p>මේ විදියට Tick දාලා Next කරන්න. මේ 3rd party apps ඕන වෙනවා Players වලට. Internet Connection එකක් තියෙනවා නම් විතරක් Download Updates එකට tick එකක් දාන්න.</p>
<p><img class=" wp-image-349 aligncenter" src="/wp-content/uploads/2018/03/Screenshot-from-2017-04-13-06-51-50-300x177.jpg" alt="" width="586" height="346" srcset="/wp-content/uploads/2018/03/Screenshot-from-2017-04-13-06-51-50-300x177.jpg 300w, /wp-content/uploads/2018/03/Screenshot-from-2017-04-13-06-51-50-768x454.jpg 768w, /wp-content/uploads/2018/03/Screenshot-from-2017-04-13-06-51-50-1024x605.jpg 1024w, /wp-content/uploads/2018/03/Screenshot-from-2017-04-13-06-51-50.jpg 1031w" sizes="(max-width: 586px) 100vw, 586px" /></p>
<p>මෙතනින් Something Else click කරලා continue කරන්න.</p>
<p><img class=" wp-image-350 aligncenter" src="/wp-content/uploads/2018/03/install_ubuntu_7-300x164.png" alt="" width="620" height="339" srcset="/wp-content/uploads/2018/03/install_ubuntu_7-300x164.png 300w, /wp-content/uploads/2018/03/install_ubuntu_7-768x419.png 768w, /wp-content/uploads/2018/03/install_ubuntu_7.png 967w" sizes="(max-width: 620px) 100vw, 620px" /></p>
<p>දැන් මෙතනින් අපි කලින් හදපු Partition එක Select කරලා &#8220;<strong>&#8211;</strong>&#8221; Button එක Click කරන්න.</p>
<p>partition එකේ නම Free Space කියලා change වෙනවා. දැන් ඒක click කරලා &#8220;+&#8221; button එක click කරන්න. <img class=" wp-image-351 aligncenter" src="/wp-content/uploads/2018/03/tyX1B-300x137.png" alt="" width="553" height="252" srcset="/wp-content/uploads/2018/03/tyX1B-300x137.png 300w, /wp-content/uploads/2018/03/tyX1B-768x351.png 768w, /wp-content/uploads/2018/03/tyX1B.png 966w" sizes="(max-width: 553px) 100vw, 553px" /></p>
<p>එතන මේ විදියට size එක 4GB (ඉඩ තියෙනවා නම් 8GB) දීලා Use as එකට Swap Area දීලා OK කරන්න. දැන් ඉතුරු free space එක ආපහු click කරලා + Button එක click කරලා ඒක මේ විදියට හදන්න.</p>
<p><img class=" wp-image-352 aligncenter" src="/wp-content/uploads/2018/03/5JkQX-300x166.png" alt="" width="508" height="281" srcset="/wp-content/uploads/2018/03/5JkQX-300x166.png 300w, /wp-content/uploads/2018/03/5JkQX-768x425.png 768w, /wp-content/uploads/2018/03/5JkQX.png 939w" sizes="(max-width: 508px) 100vw, 508px" /></p>
<p>මෙතනදි size එක වෙනස් කරන්න එපා.  &#8220;use as&#8221; එකට EXT4 දීලා Mount point එකට / එක දෙන්න. OK click කරලා Install click කරන්න.</p>
<p><img class=" wp-image-353 aligncenter" src="/wp-content/uploads/2018/03/9bcfd275bc220c89-300x177.jpg" alt="" width="549" height="324" srcset="/wp-content/uploads/2018/03/9bcfd275bc220c89-300x177.jpg 300w, /wp-content/uploads/2018/03/9bcfd275bc220c89-768x454.jpg 768w, /wp-content/uploads/2018/03/9bcfd275bc220c89.jpg 1024w" sizes="(max-width: 549px) 100vw, 549px" /></p>
<p><img class=" wp-image-354 aligncenter" src="/wp-content/uploads/2018/03/8d74bb33656af6f0-300x176.jpg" alt="" width="548" height="322" srcset="/wp-content/uploads/2018/03/8d74bb33656af6f0-300x176.jpg 300w, /wp-content/uploads/2018/03/8d74bb33656af6f0-768x451.jpg 768w, /wp-content/uploads/2018/03/8d74bb33656af6f0.jpg 1024w" sizes="(max-width: 548px) 100vw, 548px" /></p>
<p><img class=" wp-image-355 aligncenter" src="/wp-content/uploads/2018/03/d89b9e1902dfc78-300x178.jpg" alt="" width="552" height="327" srcset="/wp-content/uploads/2018/03/d89b9e1902dfc78-300x178.jpg 300w, /wp-content/uploads/2018/03/d89b9e1902dfc78-768x455.jpg 768w, /wp-content/uploads/2018/03/d89b9e1902dfc78.jpg 1024w" sizes="(max-width: 552px) 100vw, 552px" /><img class=" wp-image-356 aligncenter" src="/wp-content/uploads/2018/03/89f35935ce379d8a-300x227.jpg" alt="" width="576" height="435" srcset="/wp-content/uploads/2018/03/89f35935ce379d8a-300x227.jpg 300w, /wp-content/uploads/2018/03/89f35935ce379d8a-768x580.jpg 768w, /wp-content/uploads/2018/03/89f35935ce379d8a.jpg 806w" sizes="(max-width: 576px) 100vw, 576px" /></p>
<p>මේ Step වලදි ඔයාලගෙ Details දාලා fill කරන්න. අන්තිමට Install වෙලා ඉවර වුණාම මේ වගේ Desktop එක open වෙනවා.</p>
<p><img class=" wp-image-357 aligncenter" src="/wp-content/uploads/2018/03/1200px-Ubuntu-17.10-ca-300x169.png" alt="" width="605" height="341" srcset="/wp-content/uploads/2018/03/1200px-Ubuntu-17.10-ca-300x169.png 300w, /wp-content/uploads/2018/03/1200px-Ubuntu-17.10-ca-768x432.png 768w, /wp-content/uploads/2018/03/1200px-Ubuntu-17.10-ca-1024x576.png 1024w, /wp-content/uploads/2018/03/1200px-Ubuntu-17.10-ca.png 1200w" sizes="(max-width: 605px) 100vw, 605px" /></p>
<p><strong>Installation Error එකක් ආවොත් පහලින් Comment කරන්න</strong></p>
<p>The post <a rel="nofollow" href="/index.php/2018/03/28/windows-ubuntu-dual-boot/">Windows එක්ක Ubuntu Dual Boot කරමු</a> appeared first on <a rel="nofollow" href="/">The SIGMA</a>.</p>
]]></content:encoded>
							<wfw:commentRss>/index.php/2018/03/28/windows-ubuntu-dual-boot/feed/</wfw:commentRss>
		<slash:comments>0</slash:comments>
							</item>
	</channel>
</rss>
