<?xml version="1.0" encoding="UTF-8"?><rss version="2.0"
	xmlns:content="http://purl.org/rss/1.0/modules/content/"
	xmlns:dc="http://purl.org/dc/elements/1.1/"
	xmlns:atom="http://www.w3.org/2005/Atom"
	xmlns:sy="http://purl.org/rss/1.0/modules/syndication/"
	
	>
<channel>
	<title>
	Comments on: COMPUTER NETWORKING	</title>
	<atom:link href="/index.php/2018/03/31/computer-networking/feed/" rel="self" type="application/rss+xml" />
	<link>/index.php/2018/03/31/computer-networking/</link>
	<description>&#60;For Those Who Code/&#62;</description>
	<lastBuildDate>
	Tue, 09 Apr 2019 02:05:35 +0000	</lastBuildDate>
	<sy:updatePeriod>
	hourly	</sy:updatePeriod>
	<sy:updateFrequency>
	1	</sy:updateFrequency>
	<generator>https://wordpress.org/?v=5.1.1</generator>
			<item>
				<title>
				By: Sandun Prasanganath				</title>
				<link>/index.php/2018/03/31/computer-networking/#comment-17</link>
		<dc:creator><![CDATA[Sandun Prasanganath]]></dc:creator>
		<pubDate>Sat, 31 Mar 2018 11:10:47 +0000</pubDate>
		<guid isPermaLink="false">/?p=393#comment-17</guid>
					<description><![CDATA[thx bn]]></description>
		<content:encoded><![CDATA[<p>thx bn</p>
]]></content:encoded>
						</item>
						<item>
				<title>
				By: Sandun Prasanganath				</title>
				<link>/index.php/2018/03/31/computer-networking/#comment-16</link>
		<dc:creator><![CDATA[Sandun Prasanganath]]></dc:creator>
		<pubDate>Sat, 31 Mar 2018 11:09:54 +0000</pubDate>
		<guid isPermaLink="false">/?p=393#comment-16</guid>
					<description><![CDATA[ela]]></description>
		<content:encoded><![CDATA[<p>ela</p>
]]></content:encoded>
						</item>
						<item>
				<title>
				By: Danushka Herath				</title>
				<link>/index.php/2018/03/31/computer-networking/#comment-15</link>
		<dc:creator><![CDATA[Danushka Herath]]></dc:creator>
		<pubDate>Sat, 31 Mar 2018 07:09:12 +0000</pubDate>
		<guid isPermaLink="false">/?p=393#comment-15</guid>
					<description><![CDATA[Supiri bn :D]]></description>
		<content:encoded><![CDATA[<p>Supiri bn 😀</p>
]]></content:encoded>
						</item>
			</channel>
</rss>
