<?xml version="1.0" encoding="UTF-8"?><rss version="2.0"
	xmlns:content="http://purl.org/rss/1.0/modules/content/"
	xmlns:wfw="http://wellformedweb.org/CommentAPI/"
	xmlns:dc="http://purl.org/dc/elements/1.1/"
	xmlns:atom="http://www.w3.org/2005/Atom"
	xmlns:sy="http://purl.org/rss/1.0/modules/syndication/"
	xmlns:slash="http://purl.org/rss/1.0/modules/slash/"
	>

<channel>
	<title>android &#8211; The SIGMA</title>
	<atom:link href="/index.php/tag/android/feed/" rel="self" type="application/rss+xml" />
	<link>/</link>
	<description>&#60;For Those Who Code/&#62;</description>
	<lastBuildDate>
	Sat, 02 Mar 2019 16:57:34 +0000	</lastBuildDate>
	<language>en-US</language>
	<sy:updatePeriod>
	hourly	</sy:updatePeriod>
	<sy:updateFrequency>
	1	</sy:updateFrequency>
	<generator>https://wordpress.org/?v=5.1.1</generator>
	<item>
		<title>මොකක්ද මේ Flutter ?</title>
		<link>/index.php/2019/02/21/flutter1/</link>
				<comments>/index.php/2019/02/21/flutter1/#comments</comments>
				<pubDate>Thu, 21 Feb 2019 09:32:19 +0000</pubDate>
		<dc:creator><![CDATA[Ruchira Swarnapriya]]></dc:creator>
				<category><![CDATA[android]]></category>
		<category><![CDATA[flutter]]></category>
		<category><![CDATA[android studio]]></category>
		<category><![CDATA[ios]]></category>
		<category><![CDATA[visual studio code]]></category>

		<guid isPermaLink="false">/?p=1918</guid>
				<description><![CDATA[<p><span class="rt-reading-time" style="display: block;"><span class="rt-label">Reading Time: </span> <span class="rt-time">2</span> <span class="rt-label rt-postfix">minutes</span></span> කෙටියෙන් කිව්වොත් flutter කියන්නේ 2017 මැයි මාසේ Google ලා හදුන්වා දුන්නු නවතම open &#8211; source mobile application development SDK එක. Mobile application development ලේසියෙන් වගේම ලස්සනට development කරන්න flutter වලින් පුලුවන්. Android App වගේම IOS App develop කරන්න flutter වලින් ඉඩ සලසා දීලා තියෙනවා. අපි මුලින්ම බලමු flutter අපේ laptop<a class="moretag" href="/index.php/2019/02/21/flutter1/"> Read more&#8230;</a></p>
<p>The post <a rel="nofollow" href="/index.php/2019/02/21/flutter1/">මොකක්ද මේ Flutter ?</a> appeared first on <a rel="nofollow" href="/">The SIGMA</a>.</p>
]]></description>
								<content:encoded><![CDATA[<span class="rt-reading-time" style="display: block;"><span class="rt-label">Reading Time: </span> <span class="rt-time">2</span> <span class="rt-label rt-postfix">minutes</span></span>
<p style="text-align:left">කෙටියෙන් කිව්වොත් flutter කියන්නේ 2017 මැයි මාසේ Google ලා හදුන්වා දුන්නු නවතම open &#8211; source mobile application development SDK එක. Mobile application development ලේසියෙන් වගේම ලස්සනට development කරන්න flutter වලින් පුලුවන්. Android App වගේම IOS App develop කරන්න flutter වලින්  ඉඩ සලසා දීලා තියෙනවා.</p>



<div class="wp-block-image"><figure class="aligncenter is-resized"><img src="https://cdn.arstechnica.net/wp-content/uploads/2018/06/7-2-1-800x311.jpg" alt="" width="363" height="141"/></figure></div>



<p style="text-align:center">අපි මුලින්ම බලමු flutter අපේ laptop වලට install කරගන්න විදිය.පහත link එකෙන් flutter download කරගන්න පුලුවන්. </p>



<p><a href="https://flutter.io/docs/get-started/install">https://flutter.io/docs/get-started/install</a></p>



<p style="text-align:left">‌Flutter zip file එක උඩ link එකෙන් download කරගෙන zip file එක extract කරනකොට C:/src/flutter වගේ destination එකකට extract කරන එක තමයි හොදම C:/Programs Files/src/flutter වගේ destination එකකට extract කරනවානම් privileges හදන්න වෙනවා එ නිසා C:/src/flutter වගේ destination එකකට extract කරන එක තමයි හොදම.</p>



<div class="wp-block-image"><figure class="aligncenter is-resized"><img src="/wp-content/uploads/2019/02/fl2-1024x625.jpg" alt="" class="wp-image-1928" width="565" height="345" srcset="/wp-content/uploads/2019/02/fl2-1024x625.jpg 1024w, /wp-content/uploads/2019/02/fl2-300x183.jpg 300w, /wp-content/uploads/2019/02/fl2-768x469.jpg 768w, /wp-content/uploads/2019/02/fl2.jpg 1206w" sizes="(max-width: 565px) 100vw, 565px" /></figure></div>



<p style="text-align:left">Flutter install කලාට පස්සේ  path එක set කරන්න ඔනී. Edit the system environment variable වල Environment Variable tab එකෙන් කරන්න පුලුවන්.</p>



<div class="wp-block-image"><figure class="aligncenter is-resized"><img src="/wp-content/uploads/2019/02/fl3-1.jpg" alt="" class="wp-image-1937" width="317" height="334"/></figure></div>



<div class="wp-block-image"><figure class="aligncenter is-resized"><img src="/wp-content/uploads/2019/02/fl4.jpg" alt="" class="wp-image-1938" width="318" height="349" srcset="/wp-content/uploads/2019/02/fl4.jpg 707w, /wp-content/uploads/2019/02/fl4-272x300.jpg 272w" sizes="(max-width: 318px) 100vw, 318px" /></figure></div>



<div class="wp-block-image"><figure class="aligncenter is-resized"><img src="/wp-content/uploads/2019/02/fl5.jpg" alt="" class="wp-image-1939" width="327" height="361" srcset="/wp-content/uploads/2019/02/fl5.jpg 597w, /wp-content/uploads/2019/02/fl5-271x300.jpg 271w" sizes="(max-width: 327px) 100vw, 327px" /></figure></div>



<p style="text-align:left">Flutter install කරගෙන editor එකක් setup කරගන්න ඔනේ. Flutter support කරන editors වෙන්නේ Android Studio, Visual Studio Code, <a href="https://www.jetbrains.com/idea/download/">IntelliJ IDEA Ultimat</a>. මොන editor එකක් use කලත් laptop එකේ Android Studio install කරලම තියෙන්න ඔනේ.</p>



<p>Visual Studio Code editor එක විදියට configure කරන ආකාරය පහත link එකෙන් බලාගන්න පුලුවන්.</p>



<p><a href="https://flutter.io/docs/get-started/editor?tab=vscode">https://flutter.io/docs/get-started/editor?tab=vscode</a></p>



<figure class="wp-block-image"><img src="/wp-content/uploads/2019/02/fl6.jpg" alt="" class="wp-image-1943" srcset="/wp-content/uploads/2019/02/fl6.jpg 763w, /wp-content/uploads/2019/02/fl6-300x79.jpg 300w" sizes="(max-width: 763px) 100vw, 763px" /><figcaption><br><br></figcaption></figure>



<div class="wp-block-image"><figure class="aligncenter"><img src="/wp-content/uploads/2019/02/fl7.jpg" alt="" class="wp-image-1944" srcset="/wp-content/uploads/2019/02/fl7.jpg 551w, /wp-content/uploads/2019/02/fl7-300x114.jpg 300w" sizes="(max-width: 551px) 100vw, 551px" /></figure></div>



<p>‌Android Studio editor එක විදියට configure කරන ආකාරය පහත link එකෙන් බලාගන්න පුලුවන්.</p>



<p><a href="https://flutter.io/docs/get-started/editor?tab=androidstudio">https://flutter.io/docs/get-started/editor?tab=androidstudio</a></p>



<figure class="wp-block-image"><img src="/wp-content/uploads/2019/02/2-1.png" alt="" class="wp-image-1948" srcset="/wp-content/uploads/2019/02/2-1.png 1015w, /wp-content/uploads/2019/02/2-1-300x237.png 300w, /wp-content/uploads/2019/02/2-1-768x608.png 768w" sizes="(max-width: 1015px) 100vw, 1015px" /></figure>



<p>ඊලග blog එකෙන් login page එකක් create කරන හැටි ඉගෙන ගමු..</p>
<p>The post <a rel="nofollow" href="/index.php/2019/02/21/flutter1/">මොකක්ද මේ Flutter ?</a> appeared first on <a rel="nofollow" href="/">The SIGMA</a>.</p>
]]></content:encoded>
							<wfw:commentRss>/index.php/2019/02/21/flutter1/feed/</wfw:commentRss>
		<slash:comments>1</slash:comments>
							</item>
		<item>
		<title>මොකක්ද මේ ionic framework එකක් කියන්නේ ?</title>
		<link>/index.php/2019/01/20/ionic-framework-part1/</link>
				<comments>/index.php/2019/01/20/ionic-framework-part1/#respond</comments>
				<pubDate>Sun, 20 Jan 2019 13:01:58 +0000</pubDate>
		<dc:creator><![CDATA[Sandun Prasanganath]]></dc:creator>
				<category><![CDATA[android]]></category>
		<category><![CDATA[tech]]></category>
		<category><![CDATA[java]]></category>
		<category><![CDATA[web]]></category>

		<guid isPermaLink="false">/?p=1626</guid>
				<description><![CDATA[<p><span class="rt-reading-time" style="display: block;"><span class="rt-label">Reading Time: </span> <span class="rt-time">2</span> <span class="rt-label rt-postfix">minutes</span></span> හැමෝටම ආයුබෝවන් යාලුවනේ.එක දිගටම web lessons කීපයක් පලකරපු හින්දා අද මම හිතුවා ටිකක් වෙනස් දෙයක් ගැන​ කතා කරන්න​.පසු ගිය ලිපියෙන් මම​ කතා කලා MEAN STACK වල​ database system එක වන​ mongo DB ගැන, කව්‍ රුහරි ඒ ලිපිය බැලුවෙ නැත්තම් මෙතනින් බලන්න පුලුවන්. මෙම ලිපියේ සිට ඉදිරි ලිපි පෙලකින් මම මේ<a class="moretag" href="/index.php/2019/01/20/ionic-framework-part1/"> Read more&#8230;</a></p>
<p>The post <a rel="nofollow" href="/index.php/2019/01/20/ionic-framework-part1/">මොකක්ද මේ ionic framework එකක් කියන්නේ ?</a> appeared first on <a rel="nofollow" href="/">The SIGMA</a>.</p>
]]></description>
								<content:encoded><![CDATA[<span class="rt-reading-time" style="display: block;"><span class="rt-label">Reading Time: </span> <span class="rt-time">2</span> <span class="rt-label rt-postfix">minutes</span></span>
<p>හැමෝටම ආයුබෝවන් යාලුවනේ.එක දිගටම web lessons කීපයක් පලකරපු හින්දා අද මම හිතුවා ටිකක් වෙනස් දෙයක් ගැන​ කතා කරන්න​.පසු ගිය ලිපියෙන් මම​ කතා කලා MEAN STACK වල​ database system එක වන​ mongo DB ගැන, කව්‍ රුහරි ඒ ලිපිය බැලුවෙ නැත්තම් <a href="/index.php/2018/09/24/mean-part-2-mongo-db/">මෙතනින්</a> බලන්න පුලුවන්.</p>



<p class="has-text-color has-accent-color"><em>මෙම ලිපියේ සිට ඉදිරි ලිපි පෙලකින් මම මේ ionic framework එකක් කියන්නේ මොකක්ද එකෙන් application එකක් නිර්මාණය කරන්නේ කොහොමද කියන කරුනු පැහැදිලි කරන්නම්</em></p>



<p>මම මුලින් අහපු ප්‍රශ්නයම නැවත අසන්නම්,ඒ තමයි මේ ionic framework එකක් කියන්නෙ මොකක්ද කියන එක​,සරලවම කිව්වොත් ionic framework එකක් කියන්නේ mobile application develop කරන්න තියෙන framework එකක්.</p>



<p>තවත් සරලව කිව්වොත් අපි android phone වලට application එකක් develop කරනවනම් අපිට android studio වගේ දෙයක් පාවිච්චි කරල වෙනම ඒ application එක develop කරන්න වෙනවා.ios වලට නම් වෙනම application develop කරන්න වෙනවා, windows os  වලටත් එහෙම්මයි,</p>



<p class="has-text-color has-header-gradient-color"><em>කෙටියෙන්ම කිව්වොත් එක platform එකක develop කරපු application එකක් වෙනත් platform එකක වැඩ කරන්න බැ කියන එකනෙ&#8230;&#8230;</em></p>



<p>මේ platform 3 ම එකවර වැඩ කරන්න පුලුවන් application එකක් තමයි ionic framework එකක් කියන්නේ.මේක <strong>Hybrid Mobile Application එකක්.</strong></p>



<p>ionic වලින් වැඩ කරන්න කලින් ඔයාගෙ computer එකේ node js install කරල තියෙන්න ඕනි.( <br>මේ <a href="https://nodejs.org/en/download/">Link</a> එකෙන් ගිහින් ඔයාට එක කරගන්න​ පුලුවන් )</p>



<p><strong>ionic install කරන ආකාරය මම දැන් පැහැදිලි කරන්නම්.</strong></p>



<p style="text-align:center" class="has-text-color has-background has-white-color has-black-background-color"><strong>npm install -g cordova ionic</strong></p>



<p class="has-text-color has-header-gradient-color">හරියට install වුනානම්, <strong>ionic -v</strong> සහ <strong>cordova -v</strong> type  කලහම ඔයලට ionic සහ​ cordova version එක බලාගන්න​ පුලුවන්.</p>



<p>ionic install කරල අවසන් වුනාම​ අලුත් application එකක් start කරන්න පුලුවන්.ඒ සදහා ප්‍රදාන solution 3 ක් තියෙනවා.</p>



<p></p>



<div class="wp-block-image"><figure class="aligncenter"><img src="/wp-content/uploads/2019/01/Capture-1024x302.png" alt="" class="wp-image-1634" srcset="/wp-content/uploads/2019/01/Capture-1024x302.png 1024w, /wp-content/uploads/2019/01/Capture-300x89.png 300w, /wp-content/uploads/2019/01/Capture-768x227.png 768w, /wp-content/uploads/2019/01/Capture.png 1118w" sizes="(max-width: 1024px) 100vw, 1024px" /></figure></div>



<ul><li>application එකක් නිර්මාණය​ කිරීමේදී අපිට blank project එකක් තෝරාගත හැකිය​.ඒ සදහා,</li></ul>



<p style="text-align:center" class="has-text-color has-background has-white-color has-black-background-color"><strong>$ ionic start myApp blank&nbsp;&#8211;v2</strong></p>



<ul><li>application එක නිර්මානය කිරීමේදි tabs use කරල තියෙන​ project එකක් අපිට​ තෝරා ගන්න පුලුවන්.ඒ සදහා,</li></ul>



<p style="text-align:center" class="has-text-color has-background has-white-color has-black-background-color"><strong> $ ionic start myApp tabs &#8211;v2 </strong></p>



<ul><li>side menu(menu bar) පාවිච්චි කරලා  <br>තියෙන​ project application එකක් පටන් ගන්න පුලුවන්,ඒ සදහා,</li></ul>



<p style="text-align:center" class="has-text-color has-background has-white-color has-black-background-color"><strong> $ ionic start myApp sidemenu&nbsp;&#8211;v2</strong></p>



<p>මෙහෙම application එක create කලාට පස්සෙ අපිට පුලුවන් ඒ අදාල​ application එක run කරන්න​.</p>



<p class="has-text-color has-header-gradient-color"><em>(&#8211;v2 යන්නෙන් අදහස් වන්නේ ionic version 2 යන්නයි)</em></p>



<p style="text-align:center" class="has-text-color has-background has-white-color has-black-background-color"><strong> cd myApp <br>ionic serve </strong></p>



<p>මගින් myApp කියන මේ application එක run කරන්න පුලුවන්.</p>



<p class="has-text-color has-header-gradient-color"><em>ඉතින් මේ ලිපියෙන් මම ionic framework </em>එක​ <em>computer එකට install කරන්නේ කොහොමද​,install කරන්න අවශය මූලික requirements මොනාද කියලා පැහැදිලි කලා.මගේ ඊලග ලිපියෙන් start කරපු </em>මේ <em>application එකේ ඉදිරියට වැඩ කරන්නේ කොහොමද කියලා පැහැදිලි කරන්නම්.</em></p>



<p class="has-text-color has-background-color-color"><em>ionic official website : </em><a href="https://ionicframework.com/">https://ionicframework.com/</a></p>



<p></p>



<p></p>



<p></p>



<p></p>



<p></p>



<p></p>



<p></p>



<p></p>



<p></p>



<p></p>



<p></p>
<p>The post <a rel="nofollow" href="/index.php/2019/01/20/ionic-framework-part1/">මොකක්ද මේ ionic framework එකක් කියන්නේ ?</a> appeared first on <a rel="nofollow" href="/">The SIGMA</a>.</p>
]]></content:encoded>
							<wfw:commentRss>/index.php/2019/01/20/ionic-framework-part1/feed/</wfw:commentRss>
		<slash:comments>0</slash:comments>
							</item>
		<item>
		<title>Firebase එක්ක Login, Registration App එකක් හදමු</title>
		<link>/index.php/2018/07/09/firebase-login-registration-app/</link>
				<comments>/index.php/2018/07/09/firebase-login-registration-app/#comments</comments>
				<pubDate>Mon, 09 Jul 2018 08:19:28 +0000</pubDate>
		<dc:creator><![CDATA[Danushka Herath]]></dc:creator>
				<category><![CDATA[android]]></category>
		<category><![CDATA[Programming]]></category>
		<category><![CDATA[authentication]]></category>
		<category><![CDATA[firebase]]></category>
		<category><![CDATA[login]]></category>
		<category><![CDATA[register]]></category>
		<category><![CDATA[reset]]></category>

		<guid isPermaLink="false">/?p=1150</guid>
				<description><![CDATA[<p><span class="rt-reading-time" style="display: block;"><span class="rt-label">Reading Time: </span> <span class="rt-time">12</span> <span class="rt-label rt-postfix">minutes</span></span> මේ ලිපියෙන් කතා කරන්න යන්නේ Firebase එක්ක Android Studio වලින් Login Panel එකක් හදන්නේ කොහොමද කියලා. මේ වැඩේට අපිට මෙන්න මේ Prerequisites ටික අවශ්‍ය වෙනවා. Android Studio ( &#62; 3.0  ) අලුත් Firebase Project එකක්  Android Studio එක ගැන පොඩි දැනුමක් මුලින්ම බලමු මේ Firebase කියන්නේ මොකක්ද කියලා. Firebase කියන්නේ<a class="moretag" href="/index.php/2018/07/09/firebase-login-registration-app/"> Read more&#8230;</a></p>
<p>The post <a rel="nofollow" href="/index.php/2018/07/09/firebase-login-registration-app/">Firebase එක්ක Login, Registration App එකක් හදමු</a> appeared first on <a rel="nofollow" href="/">The SIGMA</a>.</p>
]]></description>
								<content:encoded><![CDATA[<p><span class="rt-reading-time" style="display: block;"><span class="rt-label">Reading Time: </span> <span class="rt-time">12</span> <span class="rt-label rt-postfix">minutes</span></span>මේ ලිපියෙන් කතා කරන්න යන්නේ Firebase එක්ක Android Studio වලින් Login Panel එකක් හදන්නේ කොහොමද කියලා. මේ වැඩේට අපිට මෙන්න මේ Prerequisites ටික අවශ්‍ය වෙනවා.</p>
<ol>
<li><span style="font-size: 14px;"><strong>Android Studio ( &gt; 3.0  )</strong></span></li>
<li><span style="font-size: 14px;"><strong>අලුත් Firebase Project එකක්</strong></span></li>
<li><span style="font-size: 14px;"> <strong>Android Studio එක ගැන පොඩි දැනුමක්</strong></span></li>
</ol>
<p>මුලින්ම බලමු මේ <a href="https://en.wikipedia.org/wiki/Firebase">Firebase</a> කියන්නේ මොකක්ද කියලා. Firebase කියන්නේ Google ලගේ දැනට අවුරුදු කිහිපයකට කලින්(2012) පටන් ගත්ත Project එකක්. මේක යොදා ගන්නේ ගොඩක් දුරට Mobile Application වලට. හැබැයි Web Application වලදි භාවිතා කරන්නත් කිසිම අවුලක් නෑ. ඒවටත් Plugins තියෙනවා දාගන්න. මූලිකවම ගත්තොත් Firebase යොදා ගන්න පුළුවන් වෙන්නේ Analytics Side එකට. හැබැයි මේකෙ තව ගොඩක් දේවල් තියෙනවා. පොඩි Idea එකක් ගන්න මේ Image එක බලන්න.</p>
<p><img src="/wp-content/uploads/2018/07/firebase-features-300x169.png" alt="" width="767" height="432" class=" wp-image-1151 aligncenter" srcset="/wp-content/uploads/2018/07/firebase-features-300x169.png 300w, /wp-content/uploads/2018/07/firebase-features-768x432.png 768w, /wp-content/uploads/2018/07/firebase-features.png 888w" sizes="(max-width: 767px) 100vw, 767px" /></p>
<p>&nbsp;</p>
<p>අපි මේ වැඩේදි යොදා ගන්න හදන්නේ<strong> Authentication</strong> කියන Feature එක.</p>
<p>Developer කෙනෙකුට Firebase වල වාසි ගොඩක් තියෙනවා. ඒ ගැන මුලින්ම බලමු මොනාද කියලා.</p>
<ol>
<li> Clicks කිහිපයකින් Firebase Plugin එක App එකට Attach කරගන්න පුළුවන්</li>
<li>Database එක්ක ැඩ කරන්න PHP වගේ Server Side Script ලියන්න අවශ්‍ය වෙන්නේ නෑ</li>
<li>නොමිලේ භාවිතා කරන්න පුළුවන් ( Connection 50 දක්වා )</li>
<li>Facebook, Google, Twitter වගේ Services වලින් Auth කරන්න පුළුවන් Plugins Inbuilt එනවා</li>
</ol>
<p>තවත් ගොඩක් වාසි තියෙනවා තමන්ගේ App එක Firebase එක්ක Connect කරගන්න එකෙන්. හරි මේ තමයි අපි කරන්න හදන වැඩේට අවශ්‍ය වටපිටාව. දැන් වැඩේට බහිමු.</p>
<hr />
<p>&nbsp;</p>
<p>මුලින්ම කරන්න ඕන Android Studio එකේ අලුත් Project එකක් හදා ගන්න එක. මම මේකට භාවිතා කරන්න යන්නේ <strong>API 22: Android 5.1 </strong>version එක. අලුතින් Project එක හදද්දි ඒකත් බලන්න. නැත්නම් XML File වල අවුල් එන්න පුුළුවන්.</p>
<p>Launch Activity එක LoginActivity කියලා දාගන්න.</p>
<p><img src="/wp-content/uploads/2018/07/Capture-1-300x94.png" alt="" width="456" height="143" class=" wp-image-1154 aligncenter" srcset="/wp-content/uploads/2018/07/Capture-1-300x94.png 300w, /wp-content/uploads/2018/07/Capture-1.png 557w" sizes="(max-width: 456px) 100vw, 456px" /></p>
<h3 style="text-align: center;"><span style="color: #0000ff;"><em><strong>STEP 01</strong></em></span></h3>
<p>දැන් Project එක හැදිලා ඉවර වුණාම අපි App එක Firebase එක්ක Connect කරගන්න ඕන. ඒක කරන්නේ මෙහෙමයි. Android Studio එකේ උඩ තියෙන Tools Menu එකේ තියෙනවා Firebase කියලා Menu item එකක්. ඒක උඩ Click කරන්න. එහෙම කලාම දකුණු පැත්තේ අලුත් Menu එකක් Open වෙනවා. ඒකෙ තියෙනවා එක එක Services Install කරගන්න Shortcuts Link කරලා. ඒකෙන් Real time Database කියන එක Select කරගන්න. මේ වගේ.</p>
<p><img src="/wp-content/uploads/2018/07/Capture-2-225x300.png" alt="" width="336" height="448" class="wp-image-1155 alignleft" srcset="/wp-content/uploads/2018/07/Capture-2-225x300.png 225w, /wp-content/uploads/2018/07/Capture-2.png 441w" sizes="(max-width: 336px) 100vw, 336px" /> <img src="/wp-content/uploads/2018/07/Capture-3-242x300.png" alt="" width="358" height="444" class="alignnone wp-image-1156" srcset="/wp-content/uploads/2018/07/Capture-3-242x300.png 242w, /wp-content/uploads/2018/07/Capture-3.png 437w" sizes="(max-width: 358px) 100vw, 358px" /></p>
<p>උඩ දකුණු පැත්තේ තියෙන Image එකේ විදියට Connect to Database Button එක Click කරාම අලුත් Window එකක් Open වෙනවා Firebase Console එකට. ඒකෙන් අලුත් Project එකක් හදා ගන්න පුළුවන් Firebase Console එකේ.</p>
<p><img src="/wp-content/uploads/2018/07/Capture-4-300x80.png" alt="" width="514" height="137" class=" wp-image-1157 aligncenter" srcset="/wp-content/uploads/2018/07/Capture-4-300x80.png 300w, /wp-content/uploads/2018/07/Capture-4.png 679w" sizes="(max-width: 514px) 100vw, 514px" /></p>
<p>මෙතනින් කැමති නමක් දීලා Connect කරන්න. ටික වෙලාවකින් Firebase එක්ක හරියට Connect වුණා කියලා Message එකක් පෙන්නයි.</p>
<p>දැන් <a href="https://console.firebase.google.com/">https://console.firebase.google.com/</a> එකට ගිහින් ඔයා හදපු Project එක Open කරගන්න. ඒකෙ මේ විදියට Settings Change කරගන්න.</p>
<p><img src="/wp-content/uploads/2018/07/Capture-5-300x60.png" alt="" width="620" height="124" class=" wp-image-1158 aligncenter" srcset="/wp-content/uploads/2018/07/Capture-5-300x60.png 300w, /wp-content/uploads/2018/07/Capture-5-768x153.png 768w, /wp-content/uploads/2018/07/Capture-5-1024x204.png 1024w, /wp-content/uploads/2018/07/Capture-5.png 1343w" sizes="(max-width: 620px) 100vw, 620px" /></p>
<h3 style="text-align: center;"><em><strong><span style="color: #0000ff;">STEP 02</span></strong></em></h3>
<p>ඊට පස්සේ කරන්න තියෙන්නේ Gradle Files වල පොඩි Changes කිහිපයක්. මුලින්ම root එකේ තියෙන Build.gradle එක open කරගන්න. ඒකට මේ Line 2 add කරලා sync කරගන්න.</p>
<pre>build.gradle
dependencies {
        classpath 'com.android.tools.build:gradle:3.1.3'
        classpath 'com.google.gms:google-services:4.0.1'
    }

</pre>
<p>දැන් app folder එක ඇතුලේ තියෙන Build.gradle File එක Open කරගෙන ඒකට මේ Line ටික add කරගන්න.</p>
<pre>app/build.gradle
dependencies {
    compile "com.google.firebase:firebase-auth:9.0.2"
}
 
apply plugin: 'com.google.gms.google-services'

</pre>
<h5 style="text-align: center;"><span style="color: #0000ff;"><em><strong>STEP 03</strong></em></span></h5>
<p>දැන් අපි හදන්න යන App එකේ Interfaces වලට අවශ්‍ය වෙන Files ටිකක් හදා ගමු. මේ files ටික එන්න ඕන <strong>res/values </strong>කියන Path එකට.</p>
<p><span style="color: #ff0000;">strings.xml</span></p>
<pre>&lt;resources&gt;
&lt;string name="app_name"&gt;Firebase Auth&lt;/string&gt;
&lt;string name="action_sign_in_short"&gt;Register&lt;/string&gt;
&lt;string name="email"&gt;Email&lt;/string&gt;
&lt;string name="minimum_password"&gt;Password too short, enter minimum 6 characters!&lt;/string&gt;
&lt;string name="auth_failed"&gt;Authentication failed, check your email and password or sign up&lt;/string&gt;
&lt;string name="change_email"&gt;Change Email&lt;/string&gt;
&lt;string name="change_password"&gt;Change Password&lt;/string&gt;
&lt;string name="send_password_reset_email"&gt;Send Password reset email&lt;/string&gt;
&lt;string name="remove_user"&gt;Remove user&lt;/string&gt;
&lt;string name="new_pass"&gt;New Password&lt;/string&gt;
&lt;string name="title_activity_profile"&gt;Firebase&lt;/string&gt;
&lt;string name="title_activity_login"&gt;Sign in&lt;/string&gt;
&lt;string name="hint_email"&gt;Email&lt;/string&gt;
&lt;string name="hint_password"&gt;Password&lt;/string&gt;
&lt;string name="hint_name"&gt;Fullname&lt;/string&gt;
&lt;string name="btn_login"&gt;LOGIN&lt;/string&gt;
&lt;string name="btn_link_to_register"&gt;Not a member? Get registered in Firebase now!&lt;/string&gt;
&lt;string name="btn_link_to_login"&gt;Already registered. Login Me!&lt;/string&gt;
&lt;string name="title_activity_reset_password"&gt;ResetPasswordActivity&lt;/string&gt;
&lt;string name="btn_forgot_password"&gt;Forgot your password?&lt;/string&gt;
&lt;string name="btn_reset_password"&gt;Reset Password&lt;/string&gt;
&lt;string name="btn_back"&gt;&lt;![CDATA[&lt;&lt; Back]]&gt;&lt;/string&gt;
&lt;string name="hint_new_email"&gt;New Email&lt;/string&gt;
&lt;string name="btn_change"&gt;Change&lt;/string&gt;
&lt;string name="btn_send"&gt;Send&lt;/string&gt;
&lt;string name="btn_remove"&gt;Remove&lt;/string&gt;
&lt;string name="btn_sign_out"&gt;Sign Out&lt;/string&gt;
&lt;string name="lbl_forgot_password"&gt;Forgot password?&lt;/string&gt;
&lt;string name="forgot_password_msg"&gt;We just need your registered Email Id to sent you password reset instructions.&lt;/string&gt;
&lt;/resources&gt;
</pre>
<p><span style="color: #ff0000;">colors.xml</span></p>
<pre>&lt;?xml version="1.0" encoding="utf-8"?&gt;
&lt;resources&gt;
&lt;color name="colorPrimary"&gt;#00bcd4&lt;/color&gt;
&lt;color name="colorPrimaryDark"&gt;#0097a7&lt;/color&gt;
&lt;color name="colorAccent"&gt;#f2fe71&lt;/color&gt;

&lt;color name="bg_login"&gt;#26ae90&lt;/color&gt;
&lt;color name="bg_register"&gt;#2e3237&lt;/color&gt;
&lt;color name="bg_main"&gt;#428bca&lt;/color&gt;
&lt;color name="white"&gt;#ffffff&lt;/color&gt;
&lt;color name="input_login"&gt;#222222&lt;/color&gt;
&lt;color name="input_login_hint"&gt;#999999&lt;/color&gt;
&lt;color name="input_register"&gt;#888888&lt;/color&gt;
&lt;color name="input_register_bg"&gt;#3b4148&lt;/color&gt;
&lt;color name="input_register_hint"&gt;#5e6266&lt;/color&gt;
&lt;color name="btn_login"&gt;#26ae90&lt;/color&gt;
&lt;color name="btn_login_bg"&gt;#eceef1&lt;/color&gt;
&lt;color name="lbl_name"&gt;#333333&lt;/color&gt;
&lt;color name="btn_logut_bg"&gt;#ff6861&lt;/color&gt;
&lt;/resources&gt;
</pre>
<p><span style="color: #ff0000;">dimens.xml</span></p>
<pre>&lt;resources&gt;
&lt;!-- Default screen margins, per the Android Design guidelines. --&gt;
&lt;dimen name="activity_horizontal_margin"&gt;16dp&lt;/dimen&gt;
&lt;dimen name="activity_vertical_margin"&gt;16dp&lt;/dimen&gt;
&lt;dimen name="fab_margin"&gt;16dp&lt;/dimen&gt;
&lt;dimen name="logo_w_h"&gt;100dp&lt;/dimen&gt;
&lt;/resources&gt;
</pre>
<h2 style="text-align: center;"><strong>Sign Up with Email &amp; Password</strong></h2>
<p>උඩින් දාලා තියෙන විදියට Files ටික හදා ගත්තට පස්සේ අපි මුලින්ම කරන්න හදන්නේ අලුතින් Users ලා Register කරන Interface එකයි ඒකට අදාල Activity එකයි හදා ගන්න එක. මුලින්ම Signup Activity එක හදා ගන්න. ඒකට මේ විදියට Code කරගන්න</p>
<p>මේ Signup layout එක&#8230;</p>
<pre>activity_signup.xml
&lt;?xml version="1.0" encoding="utf-8"?&gt;
&lt;android.support.design.widget.CoordinatorLayout xmlns:android="http://schemas.android.com/apk/res/android"
xmlns:app="http://schemas.android.com/apk/res-auto"
xmlns:tools="http://schemas.android.com/tools"
android:layout_width="match_parent"
android:layout_height="match_parent"
android:fitsSystemWindows="true"
tools:context="info.androidhive.firebase.LoginActivity"&gt;

&lt;LinearLayout
android:layout_width="fill_parent"
android:layout_height="fill_parent"
android:background="@color/colorPrimaryDark"
android:gravity="center"
android:orientation="vertical"
android:padding="@dimen/activity_horizontal_margin"&gt;


&lt;ImageView
android:layout_width="@dimen/logo_w_h"
android:layout_height="@dimen/logo_w_h"
android:layout_gravity="center_horizontal"
android:layout_marginBottom="30dp"
android:src="@mipmap/ic_launcher" /&gt;

&lt;android.support.design.widget.TextInputLayout
android:layout_width="match_parent"
android:layout_height="wrap_content"&gt;

&lt;EditText
android:id="@+id/email"
android:layout_width="match_parent"
android:layout_height="wrap_content"
android:hint="@string/email"
android:inputType="textEmailAddress"
android:maxLines="1"
android:singleLine="true"
android:textColor="@android:color/white" /&gt;

&lt;/android.support.design.widget.TextInputLayout&gt;

&lt;android.support.design.widget.TextInputLayout
android:layout_width="match_parent"
android:layout_height="wrap_content"&gt;

&lt;EditText
android:id="@+id/password"
android:layout_width="match_parent"
android:layout_height="wrap_content"
android:focusableInTouchMode="true"
android:hint="@string/hint_password"
android:imeActionId="@+id/login"
android:imeOptions="actionUnspecified"
android:inputType="textPassword"
android:maxLines="1"
android:singleLine="true"
android:textColor="@android:color/white" /&gt;

&lt;/android.support.design.widget.TextInputLayout&gt;

&lt;Button
android:id="@+id/sign_up_button"
style="?android:textAppearanceSmall"
android:layout_width="match_parent"
android:layout_height="wrap_content"
android:layout_marginTop="16dp"
android:background="@color/colorAccent"
android:text="@string/action_sign_in_short"
android:textColor="@android:color/black"
android:textStyle="bold" /&gt;

&lt;Button
android:id="@+id/btn_reset_password"
android:layout_width="fill_parent"
android:layout_height="wrap_content"
android:layout_marginTop="20dip"
android:background="@null"
android:text="@string/btn_forgot_password"
android:textAllCaps="false"
android:textColor="@color/colorAccent" /&gt;

&lt;!-- Link to Login Screen --&gt;

&lt;Button
android:id="@+id/sign_in_button"
android:layout_width="fill_parent"
android:layout_height="wrap_content"
android:layout_marginTop="20dip"
android:background="@null"
android:text="@string/btn_link_to_login"
android:textAllCaps="false"
android:textColor="@color/white"
android:textSize="15dp" /&gt;
&lt;/LinearLayout&gt;

&lt;ProgressBar
android:id="@+id/progressBar"
android:layout_width="30dp"
android:layout_height="30dp"
android:layout_gravity="center|bottom"
android:layout_marginBottom="20dp"
android:visibility="gone" /&gt;
&lt;/android.support.design.widget.CoordinatorLayout&gt;
</pre>
<p>දැන් අලුත් SignupActivity කියලා File එකක් හදා ගන්න. ඒකෙ මේ Code එක දාගන්න.</p>
<p><span style="color: #ff0000;">SignupActivity.java</span></p>
<pre>package info.androidhive.firebase;
 
import android.content.Intent;
import android.os.Bundle;
import android.support.annotation.NonNull;
import android.support.v7.app.AppCompatActivity;
import android.text.TextUtils;
import android.view.View;
import android.widget.Button;
import android.widget.EditText;
import android.widget.ProgressBar;
import android.widget.Toast;
 
import com.google.android.gms.tasks.OnCompleteListener;
import com.google.android.gms.tasks.Task;
import com.google.firebase.auth.AuthResult;
import com.google.firebase.auth.FirebaseAuth;
 
public class SignupActivity extends AppCompatActivity {
 
    private EditText inputEmail, inputPassword;
    private Button btnSignIn, btnSignUp, btnResetPassword;
    private ProgressBar progressBar;
    private FirebaseAuth auth;
 
    @Override
    protected void onCreate(Bundle savedInstanceState) {
        super.onCreate(savedInstanceState);
        setContentView(R.layout.activity_signup);
 
        //Get Firebase auth instance
        auth = FirebaseAuth.getInstance();
 
        btnSignIn = (Button) findViewById(R.id.sign_in_button);
        btnSignUp = (Button) findViewById(R.id.sign_up_button);
        inputEmail = (EditText) findViewById(R.id.email);
        inputPassword = (EditText) findViewById(R.id.password);
        progressBar = (ProgressBar) findViewById(R.id.progressBar);
        btnResetPassword = (Button) findViewById(R.id.btn_reset_password);
 
        btnResetPassword.setOnClickListener(new View.OnClickListener() {
            @Override
            public void onClick(View v) {
                startActivity(new Intent(SignupActivity.this, ResetPasswordActivity.class));
            }
        });
 
        btnSignIn.setOnClickListener(new View.OnClickListener() {
            @Override
            public void onClick(View v) {
                finish();
            }
        });
 
        btnSignUp.setOnClickListener(new View.OnClickListener() {
            @Override
            public void onClick(View v) {
 
                String email = inputEmail.getText().toString().trim();
                String password = inputPassword.getText().toString().trim();
 
                if (TextUtils.isEmpty(email)) {
                    Toast.makeText(getApplicationContext(), "Enter email address!", Toast.LENGTH_SHORT).show();
                    return;
                }
 
                if (TextUtils.isEmpty(password)) {
                    Toast.makeText(getApplicationContext(), "Enter password!", Toast.LENGTH_SHORT).show();
                    return;
                }
 
                if (password.length() &lt; 6) {
                    Toast.makeText(getApplicationContext(), "Password too short, enter minimum 6 characters!", Toast.LENGTH_SHORT).show();
                    return;
                }
 
                progressBar.setVisibility(View.VISIBLE);
                //create user
                auth.createUserWithEmailAndPassword(email, password)
                        .addOnCompleteListener(SignupActivity.this, new OnCompleteListener<authresult>() {
                            @Override
                            public void onComplete(@NonNull Task<authresult> task) {
                                Toast.makeText(SignupActivity.this, "createUserWithEmail:onComplete:" + task.isSuccessful(), Toast.LENGTH_SHORT).show();
                                progressBar.setVisibility(View.GONE);
                                // If sign in fails, display a message to the user. If sign in succeeds
                                // the auth state listener will be notified and logic to handle the
                                // signed in user can be handled in the listener.
                                if (!task.isSuccessful()) {
                                    Toast.makeText(SignupActivity.this, "Authentication failed." + task.getException(),
                                            Toast.LENGTH_SHORT).show();
                                } else {
                                    startActivity(new Intent(SignupActivity.this, MainActivity.class));
                                    finish();
                                }
                            }
                        });
 
            }
        });
    }
 
    @Override
    protected void onResume() {
        super.onResume();
        progressBar.setVisibility(View.GONE);
    }
}

</authresult></authresult></pre>
<p>මේ XML file එකෙන් Users ලට Signup වෙන්න මේ වගේ Interface එකක් හැදෙනවා.</p>
<p><img src="/wp-content/uploads/2018/07/android-firebase-sign-up-screen-2-300x292.jpg" alt="" width="300" height="292" class="size-medium wp-image-1160 aligncenter" srcset="/wp-content/uploads/2018/07/android-firebase-sign-up-screen-2-300x292.jpg 300w, /wp-content/uploads/2018/07/android-firebase-sign-up-screen-2.jpg 639w" sizes="(max-width: 300px) 100vw, 300px" /></p>
<p>හැබැයි මේ Interface එක අපිට test කරන්න විදියක් නෑ තාම. මොකද අපේ Start Activity එක හදලා තියෙන්නේ Login Activity එකට නිසා. අපි දැන් අපේ Login Activity එක හදලා ඒකෙන් Signup Activity එකට Link එකක් හදා ගමු.</p>
<h2 style="text-align: center;"><strong>Log In with Email &amp; Password</strong></h2>
<p>මේ තියෙන්නේ activity_login.xml එකේ Source Code එක.</p>
<p><span style="color: #ff0000;">activity_login.xml</span></p>
<pre>&lt;?xml version="1.0" encoding="utf-8"?&gt;
&lt;android.support.design.widget.CoordinatorLayout xmlns:android="http://schemas.android.com/apk/res/android"
xmlns:app="http://schemas.android.com/apk/res-auto"
xmlns:tools="http://schemas.android.com/tools"
android:layout_width="match_parent"
android:layout_height="match_parent"
android:fitsSystemWindows="true"
tools:context="info.androidhive.firebase.LoginActivity"&gt;

&lt;LinearLayout
android:layout_width="fill_parent"
android:layout_height="fill_parent"
android:background="@color/colorPrimary"
android:gravity="center"
android:orientation="vertical"
android:padding="@dimen/activity_horizontal_margin"&gt;


&lt;ImageView
android:layout_width="@dimen/logo_w_h"
android:layout_height="@dimen/logo_w_h"
android:layout_gravity="center_horizontal"
android:layout_marginBottom="30dp"
android:src="@mipmap/ic_launcher" /&gt;

&lt;android.support.design.widget.TextInputLayout
android:layout_width="match_parent"
android:layout_height="wrap_content"&gt;

&lt;EditText
android:id="@+id/email"
android:layout_width="match_parent"
android:layout_height="wrap_content"
android:layout_marginBottom="10dp"
android:hint="@string/hint_email"
android:inputType="textEmailAddress"
android:textColor="@android:color/white"
android:textColorHint="@android:color/white" /&gt;
&lt;/android.support.design.widget.TextInputLayout&gt;

&lt;android.support.design.widget.TextInputLayout
android:layout_width="match_parent"
android:layout_height="wrap_content"&gt;

&lt;EditText
android:id="@+id/password"
android:layout_width="fill_parent"
android:layout_height="wrap_content"
android:layout_marginBottom="10dp"
android:hint="@string/hint_password"
android:inputType="textPassword"
android:textColor="@android:color/white"
android:textColorHint="@android:color/white" /&gt;
&lt;/android.support.design.widget.TextInputLayout&gt;

&lt;!-- Login Button --&gt;

&lt;Button
android:id="@+id/btn_login"
android:layout_width="fill_parent"
android:layout_height="wrap_content"
android:layout_marginTop="20dip"
android:background="@color/colorAccent"
android:text="@string/btn_login"
android:textColor="@android:color/black" /&gt;

&lt;Button
android:id="@+id/btn_reset_password"
android:layout_width="fill_parent"
android:layout_height="wrap_content"
android:layout_marginTop="20dip"
android:background="@null"
android:text="@string/btn_forgot_password"
android:textAllCaps="false"
android:textColor="@color/colorAccent" /&gt;

&lt;!-- Link to Login Screen --&gt;

&lt;Button
android:id="@+id/btn_signup"
android:layout_width="fill_parent"
android:layout_height="wrap_content"
android:layout_marginTop="20dip"
android:background="@null"
android:text="@string/btn_link_to_register"
android:textAllCaps="false"
android:textColor="@color/white"
android:textSize="15dp" /&gt;
&lt;/LinearLayout&gt;

&lt;ProgressBar
android:id="@+id/progressBar"
android:layout_width="30dp"
android:layout_height="30dp"
android:layout_gravity="center|bottom"
android:layout_marginBottom="20dp"
android:visibility="gone" /&gt;
&lt;/android.support.design.widget.CoordinatorLayout&gt;
</pre>
<p>Firebase Console එකෙන් අපිට පුළුවන් සරලවම signInWithEmailAndPassword() කියන Function එක call කරලා User කෙනෙක් Sing in කරවන්න. ඒකට අදාල Activity එක මේ විදියට ලියා ගන්න පුළුවන්.</p>
<p>LoginActivity.java</p>
<pre>package info.androidhive.firebase;
 
import android.content.Intent;
import android.os.Bundle;
import android.support.annotation.NonNull;
import android.support.v7.app.AppCompatActivity;
import android.support.v7.widget.Toolbar;
import android.text.TextUtils;
import android.view.View;
import android.widget.Button;
import android.widget.EditText;
import android.widget.ProgressBar;
import android.widget.Toast;
 
import com.google.android.gms.tasks.OnCompleteListener;
import com.google.android.gms.tasks.Task;
import com.google.firebase.auth.AuthResult;
import com.google.firebase.auth.FirebaseAuth;
 
public class LoginActivity extends AppCompatActivity {
 
    private EditText inputEmail, inputPassword;
    private FirebaseAuth auth;
    private ProgressBar progressBar;
    private Button btnSignup, btnLogin, btnReset;
 
    @Override
    protected void onCreate(Bundle savedInstanceState) {
        super.onCreate(savedInstanceState);
 
        //Get Firebase auth instance
        auth = FirebaseAuth.getInstance();
 
        if (auth.getCurrentUser() != null) {
            startActivity(new Intent(LoginActivity.this, MainActivity.class));
            finish();
        }
 
        // set the view now
        setContentView(R.layout.activity_login);
 
        Toolbar toolbar = (Toolbar) findViewById(R.id.toolbar);
        setSupportActionBar(toolbar);
 
        inputEmail = (EditText) findViewById(R.id.email);
        inputPassword = (EditText) findViewById(R.id.password);
        progressBar = (ProgressBar) findViewById(R.id.progressBar);
        btnSignup = (Button) findViewById(R.id.btn_signup);
        btnLogin = (Button) findViewById(R.id.btn_login);
        btnReset = (Button) findViewById(R.id.btn_reset_password);
 
        //Get Firebase auth instance
        auth = FirebaseAuth.getInstance();
 
        btnSignup.setOnClickListener(new View.OnClickListener() {
            @Override
            public void onClick(View v) {
                startActivity(new Intent(LoginActivity.this, SignupActivity.class));
            }
        });
 
        btnReset.setOnClickListener(new View.OnClickListener() {
            @Override
            public void onClick(View v) {
                startActivity(new Intent(LoginActivity.this, ResetPasswordActivity.class));
            }
        });
 
        btnLogin.setOnClickListener(new View.OnClickListener() {
            @Override
            public void onClick(View v) {
                String email = inputEmail.getText().toString();
                final String password = inputPassword.getText().toString();
 
                if (TextUtils.isEmpty(email)) {
                    Toast.makeText(getApplicationContext(), "Enter email address!", Toast.LENGTH_SHORT).show();
                    return;
                }
 
                if (TextUtils.isEmpty(password)) {
                    Toast.makeText(getApplicationContext(), "Enter password!", Toast.LENGTH_SHORT).show();
                    return;
                }
 
                progressBar.setVisibility(View.VISIBLE);
 
                //authenticate user
                auth.signInWithEmailAndPassword(email, password)
                        .addOnCompleteListener(LoginActivity.this, new OnCompleteListener<authresult>() {
                            @Override
                            public void onComplete(@NonNull Task<authresult> task) {
                                // If sign in fails, display a message to the user. If sign in succeeds
                                // the auth state listener will be notified and logic to handle the
                                // signed in user can be handled in the listener.
                                progressBar.setVisibility(View.GONE);
                                if (!task.isSuccessful()) {
                                    // there was an error
                                    if (password.length() &lt; 6) {
                                        inputPassword.setError(getString(R.string.minimum_password));
                                    } else {
                                        Toast.makeText(LoginActivity.this, getString(R.string.auth_failed), Toast.LENGTH_LONG).show();
                                    }
                                } else {
                                    Intent intent = new Intent(LoginActivity.this, MainActivity.class);
                                    startActivity(intent);
                                    finish();
                                }
                            }
                        });
            }
        });
    }
}
</authresult></authresult></pre>
<p>මේකෙන් අපිට මේ වගේ Interface එකක් හදා ගන්න පුළුවන් වෙනවා..</p>
<p><img src="/wp-content/uploads/2018/07/android-firebase-login-screen-2-300x291.jpg" alt="" width="300" height="291" class="size-medium wp-image-1161 aligncenter" srcset="/wp-content/uploads/2018/07/android-firebase-login-screen-2-300x291.jpg 300w, /wp-content/uploads/2018/07/android-firebase-login-screen-2.jpg 631w" sizes="(max-width: 300px) 100vw, 300px" /></p>
<p>දැන් App එක run කරලා බලන්න Errors තියෙනවද කියලා. Signup වෙලා බලන්න හරියට Register වෙනවද කියලා. ඒක Firebase Console එකේ මේ විදියට බලන්න පුළුවන්.</p>
<p><img src="/wp-content/uploads/2018/07/Capture-6-300x75.png" alt="" width="584" height="146" class=" wp-image-1162 aligncenter" srcset="/wp-content/uploads/2018/07/Capture-6-300x75.png 300w, /wp-content/uploads/2018/07/Capture-6-768x191.png 768w, /wp-content/uploads/2018/07/Capture-6-1024x255.png 1024w, /wp-content/uploads/2018/07/Capture-6.png 1362w" sizes="(max-width: 584px) 100vw, 584px" /></p>
<p>ඊළඟට බලමු කොහොමද Password Reset Email එකක් යවන්නේ කියලා..</p>
<p>&nbsp;</p>
<p>&nbsp;</p>
<h2 style="text-align: center;"><strong>Forgot Password – Send Reset Password Email</strong></h2>
<p>&nbsp;</p>
<p>&nbsp;</p>
<p>මේකට අලුත් File 2ක් හදා ගන්න ඕන. <strong>ResetPasswordActivity.java , activity_reset_password.xml </strong>File 2 හදා ගන්න.</p>
<p><span style="color: #ff0000;">activity_reset_password.xml</span></p>
<pre>&lt;?xml version="1.0" encoding="utf-8"?&gt;
&lt;android.support.design.widget.CoordinatorLayout xmlns:android="http://schemas.android.com/apk/res/android"
xmlns:app="http://schemas.android.com/apk/res-auto"
xmlns:tools="http://schemas.android.com/tools"
android:layout_width="match_parent"
android:layout_height="match_parent"
android:layout_gravity="center"
android:background="@color/colorPrimary"
android:fitsSystemWindows="true"
tools:context="info.androidhive.firebase.LoginActivity"&gt;

&lt;LinearLayout
android:layout_width="fill_parent"
android:layout_height="wrap_content"
android:layout_marginTop="30dp"
android:gravity="center"
android:orientation="vertical"
android:padding="@dimen/activity_horizontal_margin"&gt;


&lt;ImageView
android:layout_width="@dimen/logo_w_h"
android:layout_height="@dimen/logo_w_h"
android:layout_gravity="center_horizontal"
android:layout_marginBottom="10dp"
android:src="@mipmap/ic_launcher" /&gt;

&lt;TextView
android:layout_width="wrap_content"
android:layout_height="wrap_content"
android:layout_gravity="center_horizontal"
android:padding="10dp"
android:text="@string/lbl_forgot_password"
android:textColor="@android:color/white"
android:textSize="20dp" /&gt;

&lt;TextView
android:layout_width="wrap_content"
android:layout_height="wrap_content"
android:layout_marginBottom="10dp"
android:gravity="center_horizontal"
android:padding="@dimen/activity_horizontal_margin"
android:text="@string/forgot_password_msg"
android:textColor="@android:color/white"
android:textSize="14dp" /&gt;

&lt;android.support.design.widget.TextInputLayout
android:layout_width="match_parent"
android:layout_height="wrap_content"&gt;

&lt;EditText
android:id="@+id/email"
android:layout_width="match_parent"
android:layout_height="wrap_content"
android:layout_marginBottom="10dp"
android:layout_marginTop="20dp"
android:hint="@string/hint_email"
android:inputType="textEmailAddress"
android:textColor="@android:color/white"
android:textColorHint="@android:color/white" /&gt;
&lt;/android.support.design.widget.TextInputLayout&gt;

&lt;!-- Login Button --&gt;

&lt;Button
android:id="@+id/btn_reset_password"
android:layout_width="fill_parent"
android:layout_height="wrap_content"
android:layout_marginTop="20dip"
android:background="@color/colorAccent"
android:text="@string/btn_reset_password"
android:textColor="@android:color/black" /&gt;

&lt;Button
android:id="@+id/btn_back"
android:layout_width="wrap_content"
android:layout_height="wrap_content"
android:layout_marginTop="10dp"
android:background="@null"
android:text="@string/btn_back"
android:textColor="@color/colorAccent" /&gt;

&lt;/LinearLayout&gt;

&lt;ProgressBar
android:id="@+id/progressBar"
android:layout_width="30dp"
android:layout_height="30dp"
android:layout_gravity="center|bottom"
android:layout_marginBottom="20dp"
android:visibility="gone" /&gt;
&lt;/android.support.design.widget.CoordinatorLayout&gt;

</pre>
<p><span style="color: #ff0000;"><strong>ResetPasswordActivity.java</strong></span></p>
<pre>package info.androidhive.firebase;
 
import android.os.Bundle;
import android.support.annotation.NonNull;
import android.support.v7.app.AppCompatActivity;
import android.text.TextUtils;
import android.view.View;
import android.widget.Button;
import android.widget.EditText;
import android.widget.ProgressBar;
import android.widget.Toast;
 
import com.google.android.gms.tasks.OnCompleteListener;
import com.google.android.gms.tasks.Task;
import com.google.firebase.auth.FirebaseAuth;
 
public class ResetPasswordActivity extends AppCompatActivity {
 
    private EditText inputEmail;
    private Button btnReset, btnBack;
    private FirebaseAuth auth;
    private ProgressBar progressBar;
 
    @Override
    protected void onCreate(Bundle savedInstanceState) {
        super.onCreate(savedInstanceState);
        setContentView(R.layout.activity_reset_password);
 
        inputEmail = (EditText) findViewById(R.id.email);
        btnReset = (Button) findViewById(R.id.btn_reset_password);
        btnBack = (Button) findViewById(R.id.btn_back);
        progressBar = (ProgressBar) findViewById(R.id.progressBar);
 
        auth = FirebaseAuth.getInstance();
 
        btnBack.setOnClickListener(new View.OnClickListener() {
            @Override
            public void onClick(View v) {
                finish();
            }
        });
 
        btnReset.setOnClickListener(new View.OnClickListener() {
            @Override
            public void onClick(View v) {
 
                String email = inputEmail.getText().toString().trim();
 
                if (TextUtils.isEmpty(email)) {
                    Toast.makeText(getApplication(), "Enter your registered email id", Toast.LENGTH_SHORT).show();
                    return;
                }
 
                progressBar.setVisibility(View.VISIBLE);
                auth.sendPasswordResetEmail(email)
                        .addOnCompleteListener(new OnCompleteListener<void>() {
                            @Override
                            public void onComplete(@NonNull Task<void> task) {
                                if (task.isSuccessful()) {
                                    Toast.makeText(ResetPasswordActivity.this, "We have sent you instructions to reset your password!", Toast.LENGTH_SHORT).show();
                                } else {
                                    Toast.makeText(ResetPasswordActivity.this, "Failed to send reset email!", Toast.LENGTH_SHORT).show();
                                }
 
                                progressBar.setVisibility(View.GONE);
                            }
                        });
            }
        });
    }
 
}
</void></void></pre>
<p>ඒකෙන් මේ වගේ Interface එකක් හැදෙනවා.</p>
<p><img src="/wp-content/uploads/2018/07/android-firebase-forgot-password-2-300x292.jpg" alt="" width="300" height="292" class="size-medium wp-image-1163 aligncenter" srcset="/wp-content/uploads/2018/07/android-firebase-forgot-password-2-300x292.jpg 300w, /wp-content/uploads/2018/07/android-firebase-forgot-password-2.jpg 636w" sizes="(max-width: 300px) 100vw, 300px" /></p>
<p>දැන් App එක run කරලා බලන්න දැන්ට Register වෙලා ඉන්න Email එකක් දීලා Password Reset Mail එකක් එනවද කියලා. මේ විදියේ Email එකක් එන්නේ.</p>
<p><img src="/wp-content/uploads/2018/07/android-firebase-reset-password-email-300x122.png" alt="" width="642" height="261" class=" wp-image-1164 aligncenter" srcset="/wp-content/uploads/2018/07/android-firebase-reset-password-email-300x122.png 300w, /wp-content/uploads/2018/07/android-firebase-reset-password-email.png 720w" sizes="(max-width: 642px) 100vw, 642px" /></p>
<p>දැන් අපේ මූලික ආකෘතිය හදාගෙන ඉවරයි. අපිට ඕන නම් මීට අමතරව Profile Page එකක් හදා ගන්න පුළුවන්. එක එක Function කිහිපයක්ම තියෙනවා Firebase එක්ක ලේසියෙන් කරගන්න පුළුවන්. ඒවායින් කිහිපයක් මේ විදියට හදා ගන්න පුළුවන්.</p>
<h2>Checking User Session</h2>
<pre>auth = FirebaseAuth.getInstance();
        if (auth.getCurrentUser() != null) {
            // User is logged in
        }
</pre>
<h2>Change Password</h2>
<pre>FirebaseUser user = FirebaseAuth.getInstance().getCurrentUser();
 
user.updatePassword(newPassword.getText().toString().trim())
            .addOnCompleteListener(new OnCompleteListener<void>() {
        @Override
        public void onComplete(@NonNull Task<void> task) {
            if (task.isSuccessful()) {
                Toast.makeText(MainActivity.this, "Password is updated!", Toast.LENGTH_SHORT).show();
            } else {
                Toast.makeText(MainActivity.this, "Failed to update password!", Toast.LENGTH_SHORT).show();
                progressBar.setVisibility(View.GONE);
            }
        }
    });
</void></void></pre>
<h2>Change Email</h2>
<pre>FirebaseUser user = FirebaseAuth.getInstance().getCurrentUser();
 
user.updateEmail(newEmail.getText().toString().trim())
            .addOnCompleteListener(new OnCompleteListener<void>() {
        @Override
        public void onComplete(@NonNull Task<void> task) {
            if (task.isSuccessful()) {
                Toast.makeText(MainActivity.this, "Email address is updated.", Toast.LENGTH_LONG).show();
            } else {
                Toast.makeText(MainActivity.this, "Failed to update email!", Toast.LENGTH_LONG).show();
            }
        }
    });
</void></void></pre>
<h2>Deleting Account / User</h2>
<pre>FirebaseUser user = FirebaseAuth.getInstance().getCurrentUser();
if (user != null) {
        user.delete()
                .addOnCompleteListener(new OnCompleteListener<void>() {
                    @Override
                    public void onComplete(@NonNull Task<void> task) {
                        if (task.isSuccessful()) {
                            Toast.makeText(MainActivity.this, "Your profile is deleted:( Create a account now!", Toast.LENGTH_SHORT).show();
                        } else {
                            Toast.makeText(MainActivity.this, "Failed to delete your account!", Toast.LENGTH_SHORT).show();
                        }
                    }
                });
    }
</void></void></pre>
<h2>Sign Out</h2>
<pre>auth.signOut();
 
// this listener will be called when there is change in firebase user session
FirebaseAuth.AuthStateListener authListener = new FirebaseAuth.AuthStateListener() {
            @Override
            public void onAuthStateChanged(@NonNull FirebaseAuth firebaseAuth) {
                FirebaseUser user = firebaseAuth.getCurrentUser();
                if (user == null) {
                    // user auth state is changed - user is null
                    // launch login activity
                    startActivity(new Intent(MainActivity.this, LoginActivity.class));
                    finish();
                }
            }
        };
</pre>
<p>මේ Functions ඔක්කොම එකට එකතු කරලා අපිට පුළුවන් Profile Page එක හදා ගන්න. ඒක අපි ActivityMain එකේ හදමු. ඒක මේ විදියට Code කරගන්න.</p>
<p><span style="color: #ff0000;">activity_main.xml</span></p>
<pre>&lt;?xml version="1.0" encoding="utf-8"?&gt;
&lt;android.support.design.widget.CoordinatorLayout xmlns:android="http://schemas.android.com/apk/res/android"
xmlns:app="http://schemas.android.com/apk/res-auto"
xmlns:tools="http://schemas.android.com/tools"
android:layout_width="match_parent"
android:layout_height="match_parent"
android:fitsSystemWindows="true"
tools:context=".MainActivity"&gt;

&lt;android.support.design.widget.AppBarLayout
android:layout_width="match_parent"
android:layout_height="wrap_content"
android:theme="@style/AppTheme.AppBarOverlay"
app:elevation="0dp"&gt;

&lt;android.support.v7.widget.Toolbar
android:id="@+id/toolbar"
android:layout_width="match_parent"
android:layout_height="?attr/actionBarSize"
android:background="?attr/colorPrimaryDark"
app:layout_scrollFlags="scroll|enterAlways"
app:popupTheme="@style/AppTheme.PopupOverlay" /&gt;

&lt;/android.support.design.widget.AppBarLayout&gt;

&lt;LinearLayout
android:layout_width="match_parent"
android:layout_height="wrap_content"
android:orientation="vertical"
android:paddingBottom="@dimen/activity_vertical_margin"
android:paddingLeft="@dimen/activity_horizontal_margin"
android:paddingRight="@dimen/activity_horizontal_margin"
android:paddingTop="@dimen/activity_vertical_margin"
app:layout_behavior="@string/appbar_scrolling_view_behavior"&gt;

&lt;EditText
android:id="@+id/old_email"
android:layout_width="match_parent"
android:layout_height="wrap_content"
android:hint="@string/hint_email"
android:inputType="textEmailAddress"
android:maxLines="1"
android:singleLine="true" /&gt;

&lt;EditText
android:id="@+id/new_email"
android:layout_width="match_parent"
android:layout_height="wrap_content"
android:hint="@string/hint_new_email"
android:inputType="textEmailAddress"
android:maxLines="1"
android:singleLine="true" /&gt;

&lt;EditText
android:id="@+id/password"
android:layout_width="match_parent"
android:layout_height="wrap_content"
android:focusableInTouchMode="true"
android:hint="@string/prompt_password"
android:imeActionId="@+id/login"
android:imeOptions="actionUnspecified"
android:inputType="textPassword"
android:maxLines="1"
android:singleLine="true" /&gt;

&lt;EditText
android:id="@+id/newPassword"
android:layout_width="match_parent"
android:layout_height="wrap_content"
android:focusableInTouchMode="true"
android:hint="@string/new_pass"
android:imeActionId="@+id/login"
android:imeOptions="actionUnspecified"
android:inputType="textPassword"
android:maxLines="1"
android:singleLine="true" /&gt;

&lt;Button
android:id="@+id/changeEmail"
style="?android:textAppearanceSmall"
android:layout_width="wrap_content"
android:layout_height="wrap_content"
android:layout_marginTop="16dp"
android:background="@color/colorPrimaryDark"
android:text="@string/btn_change"
android:textColor="@android:color/white"
android:textStyle="bold" /&gt;

&lt;Button
android:id="@+id/changePass"
style="?android:textAppearanceSmall"
android:layout_width="wrap_content"
android:layout_height="wrap_content"
android:layout_marginTop="16dp"
android:background="@color/colorPrimaryDark"
android:text="@string/btn_change"
android:textColor="@android:color/white"
android:textStyle="bold" /&gt;

&lt;Button
android:id="@+id/send"
style="?android:textAppearanceSmall"
android:layout_width="wrap_content"
android:layout_height="wrap_content"
android:layout_marginTop="16dp"
android:background="@color/colorPrimaryDark"
android:text="@string/btn_send"
android:textColor="@android:color/white"
android:textStyle="bold" /&gt;

&lt;ProgressBar
android:id="@+id/progressBar"
android:layout_width="30dp"
android:layout_height="30dp"
android:visibility="gone" /&gt;

&lt;Button
android:id="@+id/remove"
style="?android:textAppearanceSmall"
android:layout_width="wrap_content"
android:layout_height="wrap_content"
android:layout_marginTop="16dp"
android:background="@color/colorPrimaryDark"
android:text="@string/btn_remove"
android:textColor="@android:color/white"
android:textStyle="bold" /&gt;

&lt;Button
android:id="@+id/change_email_button"
style="?android:textAppearanceSmall"
android:layout_width="match_parent"
android:layout_height="wrap_content"
android:layout_marginTop="16dp"
android:text="@string/change_email"
android:textStyle="bold" /&gt;

&lt;Button
android:id="@+id/change_password_button"
style="?android:textAppearanceSmall"
android:layout_width="match_parent"
android:layout_height="wrap_content"
android:layout_marginTop="16dp"
android:text="@string/change_password"
android:textStyle="bold" /&gt;

&lt;Button
android:id="@+id/sending_pass_reset_button"
style="?android:textAppearanceSmall"
android:layout_width="match_parent"
android:layout_height="wrap_content"
android:layout_marginTop="16dp"
android:text="@string/send_password_reset_email"
android:textStyle="bold" /&gt;

&lt;Button
android:id="@+id/remove_user_button"
style="?android:textAppearanceSmall"
android:layout_width="match_parent"
android:layout_height="wrap_content"
android:layout_marginTop="16dp"
android:text="@string/remove_user"
android:textStyle="bold" /&gt;

&lt;Button
android:id="@+id/sign_out"
style="?android:textAppearanceSmall"
android:layout_width="match_parent"
android:layout_height="wrap_content"
android:layout_marginTop="16dp"
android:background="@color/colorPrimary"
android:text="@string/btn_sign_out"
android:textColor="@android:color/white"
android:textStyle="bold" /&gt;

&lt;/LinearLayout&gt;

&lt;/android.support.design.widget.CoordinatorLayout&gt;
</pre>
<p><span style="color: #ff0000;">MainActivity.java</span></p>
<pre>package info.androidhive.firebase;
 
import android.content.Intent;
import android.os.Bundle;
import android.support.annotation.NonNull;
import android.support.v7.app.AppCompatActivity;
import android.support.v7.widget.Toolbar;
import android.view.View;
import android.widget.Button;
import android.widget.EditText;
import android.widget.ProgressBar;
import android.widget.Toast;
 
import com.google.android.gms.tasks.OnCompleteListener;
import com.google.android.gms.tasks.Task;
import com.google.firebase.auth.FirebaseAuth;
import com.google.firebase.auth.FirebaseUser;
 
public class MainActivity extends AppCompatActivity {
 
    private Button btnChangeEmail, btnChangePassword, btnSendResetEmail, btnRemoveUser,
            changeEmail, changePassword, sendEmail, remove, signOut;
 
    private EditText oldEmail, newEmail, password, newPassword;
    private ProgressBar progressBar;
    private FirebaseAuth.AuthStateListener authListener;
    private FirebaseAuth auth;
 
    @Override
    protected void onCreate(Bundle savedInstanceState) {
        super.onCreate(savedInstanceState);
        setContentView(R.layout.activity_main);
 
        Toolbar toolbar = (Toolbar) findViewById(R.id.toolbar);
        toolbar.setTitle(getString(R.string.app_name));
        setSupportActionBar(toolbar);
 
        //get firebase auth instance
        auth = FirebaseAuth.getInstance();
 
        //get current user
        final FirebaseUser user = FirebaseAuth.getInstance().getCurrentUser();
 
        authListener = new FirebaseAuth.AuthStateListener() {
            @Override
            public void onAuthStateChanged(@NonNull FirebaseAuth firebaseAuth) {
                FirebaseUser user = firebaseAuth.getCurrentUser();
                if (user == null) {
                    // user auth state is changed - user is null
                    // launch login activity
                    startActivity(new Intent(MainActivity.this, LoginActivity.class));
                    finish();
                }
            }
        };
 
        btnChangeEmail = (Button) findViewById(R.id.change_email_button);
        btnChangePassword = (Button) findViewById(R.id.change_password_button);
        btnSendResetEmail = (Button) findViewById(R.id.sending_pass_reset_button);
        btnRemoveUser = (Button) findViewById(R.id.remove_user_button);
        changeEmail = (Button) findViewById(R.id.changeEmail);
        changePassword = (Button) findViewById(R.id.changePass);
        sendEmail = (Button) findViewById(R.id.send);
        remove = (Button) findViewById(R.id.remove);
        signOut = (Button) findViewById(R.id.sign_out);
 
        oldEmail = (EditText) findViewById(R.id.old_email);
        newEmail = (EditText) findViewById(R.id.new_email);
        password = (EditText) findViewById(R.id.password);
        newPassword = (EditText) findViewById(R.id.newPassword);
 
        oldEmail.setVisibility(View.GONE);
        newEmail.setVisibility(View.GONE);
        password.setVisibility(View.GONE);
        newPassword.setVisibility(View.GONE);
        changeEmail.setVisibility(View.GONE);
        changePassword.setVisibility(View.GONE);
        sendEmail.setVisibility(View.GONE);
        remove.setVisibility(View.GONE);
 
        progressBar = (ProgressBar) findViewById(R.id.progressBar);
 
        if (progressBar != null) {
            progressBar.setVisibility(View.GONE);
        }
 
        btnChangeEmail.setOnClickListener(new View.OnClickListener() {
            @Override
            public void onClick(View v) {
                oldEmail.setVisibility(View.GONE);
                newEmail.setVisibility(View.VISIBLE);
                password.setVisibility(View.GONE);
                newPassword.setVisibility(View.GONE);
                changeEmail.setVisibility(View.VISIBLE);
                changePassword.setVisibility(View.GONE);
                sendEmail.setVisibility(View.GONE);
                remove.setVisibility(View.GONE);
            }
        });
 
        changeEmail.setOnClickListener(new View.OnClickListener() {
            @Override
            public void onClick(View v) {
                progressBar.setVisibility(View.VISIBLE);
                if (user != null &amp;&amp; !newEmail.getText().toString().trim().equals("")) {
                    user.updateEmail(newEmail.getText().toString().trim())
                            .addOnCompleteListener(new OnCompleteListener<void>() {
                                @Override
                                public void onComplete(@NonNull Task<void> task) {
                                    if (task.isSuccessful()) {
                                        Toast.makeText(MainActivity.this, "Email address is updated. Please sign in with new email id!", Toast.LENGTH_LONG).show();
                                        signOut();
                                        progressBar.setVisibility(View.GONE);
                                    } else {
                                        Toast.makeText(MainActivity.this, "Failed to update email!", Toast.LENGTH_LONG).show();
                                        progressBar.setVisibility(View.GONE);
                                    }
                                }
                            });
                } else if (newEmail.getText().toString().trim().equals("")) {
                    newEmail.setError("Enter email");
                    progressBar.setVisibility(View.GONE);
                }
            }
        });
 
        btnChangePassword.setOnClickListener(new View.OnClickListener() {
            @Override
            public void onClick(View v) {
                oldEmail.setVisibility(View.GONE);
                newEmail.setVisibility(View.GONE);
                password.setVisibility(View.GONE);
                newPassword.setVisibility(View.VISIBLE);
                changeEmail.setVisibility(View.GONE);
                changePassword.setVisibility(View.VISIBLE);
                sendEmail.setVisibility(View.GONE);
                remove.setVisibility(View.GONE);
            }
        });
 
        changePassword.setOnClickListener(new View.OnClickListener() {
            @Override
            public void onClick(View v) {
                progressBar.setVisibility(View.VISIBLE);
                if (user != null &amp;&amp; !newPassword.getText().toString().trim().equals("")) {
                    if (newPassword.getText().toString().trim().length() &lt; 6) {
                        newPassword.setError("Password too short, enter minimum 6 characters");
                        progressBar.setVisibility(View.GONE);
                    } else {
                        user.updatePassword(newPassword.getText().toString().trim())
                                .addOnCompleteListener(new OnCompleteListener<void>() {
                                    @Override
                                    public void onComplete(@NonNull Task<void> task) {
                                        if (task.isSuccessful()) {
                                            Toast.makeText(MainActivity.this, "Password is updated, sign in with new password!", Toast.LENGTH_SHORT).show();
                                            signOut();
                                            progressBar.setVisibility(View.GONE);
                                        } else {
                                            Toast.makeText(MainActivity.this, "Failed to update password!", Toast.LENGTH_SHORT).show();
                                            progressBar.setVisibility(View.GONE);
                                        }
                                    }
                                });
                    }
                } else if (newPassword.getText().toString().trim().equals("")) {
                    newPassword.setError("Enter password");
                    progressBar.setVisibility(View.GONE);
                }
            }
        });
 
        btnSendResetEmail.setOnClickListener(new View.OnClickListener() {
            @Override
            public void onClick(View v) {
                oldEmail.setVisibility(View.VISIBLE);
                newEmail.setVisibility(View.GONE);
                password.setVisibility(View.GONE);
                newPassword.setVisibility(View.GONE);
                changeEmail.setVisibility(View.GONE);
                changePassword.setVisibility(View.GONE);
                sendEmail.setVisibility(View.VISIBLE);
                remove.setVisibility(View.GONE);
            }
        });
 
        sendEmail.setOnClickListener(new View.OnClickListener() {
            @Override
            public void onClick(View v) {
                progressBar.setVisibility(View.VISIBLE);
                if (!oldEmail.getText().toString().trim().equals("")) {
                    auth.sendPasswordResetEmail(oldEmail.getText().toString().trim())
                            .addOnCompleteListener(new OnCompleteListener<void>() {
                                @Override
                                public void onComplete(@NonNull Task<void> task) {
                                    if (task.isSuccessful()) {
                                        Toast.makeText(MainActivity.this, "Reset password email is sent!", Toast.LENGTH_SHORT).show();
                                        progressBar.setVisibility(View.GONE);
                                    } else {
                                        Toast.makeText(MainActivity.this, "Failed to send reset email!", Toast.LENGTH_SHORT).show();
                                        progressBar.setVisibility(View.GONE);
                                    }
                                }
                            });
                } else {
                    oldEmail.setError("Enter email");
                    progressBar.setVisibility(View.GONE);
                }
            }
        });
 
        btnRemoveUser.setOnClickListener(new View.OnClickListener() {
            @Override
            public void onClick(View v) {
                progressBar.setVisibility(View.VISIBLE);
                if (user != null) {
                    user.delete()
                            .addOnCompleteListener(new OnCompleteListener<void>() {
                                @Override
                                public void onComplete(@NonNull Task<void> task) {
                                    if (task.isSuccessful()) {
                                        Toast.makeText(MainActivity.this, "Your profile is deleted:( Create a account now!", Toast.LENGTH_SHORT).show();
                                        startActivity(new Intent(MainActivity.this, SignupActivity.class));
                                        finish();
                                        progressBar.setVisibility(View.GONE);
                                    } else {
                                        Toast.makeText(MainActivity.this, "Failed to delete your account!", Toast.LENGTH_SHORT).show();
                                        progressBar.setVisibility(View.GONE);
                                    }
                                }
                            });
                }
            }
        });
 
        signOut.setOnClickListener(new View.OnClickListener() {
            @Override
            public void onClick(View v) {
                signOut();
            }
        });
 
    }
 
    //sign out method
    public void signOut() {
        auth.signOut();
    }
 
    @Override
    protected void onResume() {
        super.onResume();
        progressBar.setVisibility(View.GONE);
    }
 
    @Override
    public void onStart() {
        super.onStart();
        auth.addAuthStateListener(authListener);
    }
 
    @Override
    public void onStop() {
        super.onStop();
        if (authListener != null) {
            auth.removeAuthStateListener(authListener);
        }
    }
}
</void></void></void></void></void></void></void></void></pre>
<p>මේ වගේ Interface එකක් මේ xml එකෙන් හදා ගන්න පුළුවන්.</p>
<p><img src="/wp-content/uploads/2018/07/android-firebase-profile-activity-2-300x292.jpg" alt="" width="300" height="292" class="size-medium wp-image-1165 aligncenter" srcset="/wp-content/uploads/2018/07/android-firebase-profile-activity-2-300x292.jpg 300w, /wp-content/uploads/2018/07/android-firebase-profile-activity-2.jpg 633w" sizes="(max-width: 300px) 100vw, 300px" />හිතුවට වැඩිය ටිකක් වැඩි වුණා Content එක. ලිපි 2කට දාලා වැඩක් නැති නිසා එකේම ලියලා දැම්මේ. Compile කරනකොට මොකක් හරි අවුලක් ආවොත් Comment එකක් දාන්න. නැත්නම් මේ ලිපියේ මොකක් හරි වැරැද්දක් Edit වෙන්න ඕන තැනක් තියෙනවා නම් ඒකත් කියන්න.</p>
<p>අලුත් ලිපියකින් හමු වෙමු &#8230;&#8230;.</p>
<p>The post <a rel="nofollow" href="/index.php/2018/07/09/firebase-login-registration-app/">Firebase එක්ක Login, Registration App එකක් හදමු</a> appeared first on <a rel="nofollow" href="/">The SIGMA</a>.</p>
]]></content:encoded>
							<wfw:commentRss>/index.php/2018/07/09/firebase-login-registration-app/feed/</wfw:commentRss>
		<slash:comments>2</slash:comments>
							</item>
	</channel>
</rss>
