<?xml version="1.0" encoding="UTF-8"?><rss version="2.0"
	xmlns:content="http://purl.org/rss/1.0/modules/content/"
	xmlns:wfw="http://wellformedweb.org/CommentAPI/"
	xmlns:dc="http://purl.org/dc/elements/1.1/"
	xmlns:atom="http://www.w3.org/2005/Atom"
	xmlns:sy="http://purl.org/rss/1.0/modules/syndication/"
	xmlns:slash="http://purl.org/rss/1.0/modules/slash/"
	>

<channel>
	<title>server &#8211; The SIGMA</title>
	<atom:link href="/index.php/category/server/feed/" rel="self" type="application/rss+xml" />
	<link>/</link>
	<description>&#60;For Those Who Code/&#62;</description>
	<lastBuildDate>
	Sat, 02 Mar 2019 16:57:34 +0000	</lastBuildDate>
	<language>en-US</language>
	<sy:updatePeriod>
	hourly	</sy:updatePeriod>
	<sy:updateFrequency>
	1	</sy:updateFrequency>
	<generator>https://wordpress.org/?v=5.1.1</generator>
	<item>
		<title>How to get a free vps as a University Student?</title>
		<link>/index.php/2018/03/14/how-to-get-a-free-vps-as-a-university-student/</link>
				<comments>/index.php/2018/03/14/how-to-get-a-free-vps-as-a-university-student/#respond</comments>
				<pubDate>Wed, 14 Mar 2018 16:25:12 +0000</pubDate>
		<dc:creator><![CDATA[Danushka Herath]]></dc:creator>
				<category><![CDATA[server]]></category>
		<category><![CDATA[student]]></category>
		<category><![CDATA[free vps]]></category>
		<category><![CDATA[github student offer]]></category>

		<guid isPermaLink="false">/?p=54</guid>
				<description><![CDATA[<p><span class="rt-reading-time" style="display: block;"><span class="rt-label">Reading Time: </span> <span class="rt-time">2</span> <span class="rt-label rt-postfix">minutes</span></span> There are some ways to get a free vps for free as university students. I will guide you some ways. Github github offers you some valuable student pack for students for free. If you have a university offered email it will be very easy to verify you as a student.<a class="moretag" href="/index.php/2018/03/14/how-to-get-a-free-vps-as-a-university-student/"> Read more&#8230;</a></p>
<p>The post <a rel="nofollow" href="/index.php/2018/03/14/how-to-get-a-free-vps-as-a-university-student/">How to get a free vps as a University Student?</a> appeared first on <a rel="nofollow" href="/">The SIGMA</a>.</p>
]]></description>
								<content:encoded><![CDATA[<span class="rt-reading-time" style="display: block;"><span class="rt-label">Reading Time: </span> <span class="rt-time">2</span> <span class="rt-label rt-postfix">minutes</span></span><p>There are some ways to get a free vps for free as university students. I will guide you some ways.</p>
<h3><em><strong>Github</strong></em></h3>
<p><img class=" wp-image-56 aligncenter" src="/wp-content/uploads/2018/03/student-developer-pack-logo-300x138.png" alt="" width="365" height="168" srcset="/wp-content/uploads/2018/03/student-developer-pack-logo-300x138.png 300w, /wp-content/uploads/2018/03/student-developer-pack-logo-768x353.png 768w, /wp-content/uploads/2018/03/student-developer-pack-logo.png 1000w" sizes="(max-width: 365px) 100vw, 365px" /></p>
<p>github offers you some valuable student pack for students for free. If you have a university offered email it will be very easy to verify you as a student. If you don&#8217;t have a school issued email you can use your university issued ID card for verify you as a student.</p>
<p>go to this link and register : <a href="https://education.github.com/">https://education.github.com/</a></p>
<p>within 4 business days you will receive your verification email with all of your pack for free. If you have an idea for a take a vps you have two options in that package.</p>
<ol>
<li><strong>Digital Ocean</strong></li>
<li><strong>AWS</strong></li>
</ol>
<p><img class="wp-image-57 aligncenter" src="/wp-content/uploads/2018/03/1200px-DigitalOcean_logo.svg_-300x300.png" alt="" width="220" height="220" srcset="/wp-content/uploads/2018/03/1200px-DigitalOcean_logo.svg_-300x300.png 300w, /wp-content/uploads/2018/03/1200px-DigitalOcean_logo.svg_-150x150.png 150w, /wp-content/uploads/2018/03/1200px-DigitalOcean_logo.svg_-768x768.png 768w, /wp-content/uploads/2018/03/1200px-DigitalOcean_logo.svg_-1024x1024.png 1024w, /wp-content/uploads/2018/03/1200px-DigitalOcean_logo.svg_.png 1200w" sizes="(max-width: 220px) 100vw, 220px" /></p>
<p>If you get digital ocean you will have to  provide your credit card info for verification in Digital Ocean. After verification process you&#8217;ll have a promo code with 50$ for free one year.</p>
<p>The Lowest Price of Digital Ocean VPS is 5$. You can run VPS for 10 months for free. Performance will be 1GB RAM, 20GB HDD and 1TB bandwidth with linux Operating System.</p>
<p><img class=" wp-image-58 aligncenter" src="/wp-content/uploads/2018/03/aws_ec2-300x119.png" alt="" width="366" height="145" srcset="/wp-content/uploads/2018/03/aws_ec2-300x119.png 300w, /wp-content/uploads/2018/03/aws_ec2.png 503w" sizes="(max-width: 366px) 100vw, 366px" /></p>
<p>With registering Amazon Cloud You will have 110$ free for use AWS cloud. For vps instance you can create a EC2 instance. Linux/Windows and many operating systems to install as you wish.</p>
<p><img class="size-medium wp-image-59 aligncenter" src="/wp-content/uploads/2018/03/1_WE-EQFubMHMnMv-bPIW5SA-300x185.png" alt="" width="300" height="185" srcset="/wp-content/uploads/2018/03/1_WE-EQFubMHMnMv-bPIW5SA-300x185.png 300w, /wp-content/uploads/2018/03/1_WE-EQFubMHMnMv-bPIW5SA-768x475.png 768w, /wp-content/uploads/2018/03/1_WE-EQFubMHMnMv-bPIW5SA-1024x633.png 1024w, /wp-content/uploads/2018/03/1_WE-EQFubMHMnMv-bPIW5SA.png 1502w" sizes="(max-width: 300px) 100vw, 300px" /></p>
<p>Google cloud platform will give you 300$ free trial. This Service Not require studentship of a university. Any person who can register at <a href="https://cloud.google.com/">https://cloud.google.com/</a> will have 300$ trial for 1 Year. Compute engine for VPS instance. For 1 instance there are some plans for 4$/mo and 30$/mo to select as you want. I personally recommend this cloud service.</p>
<p>If you know any other service like this for students feel free to comment below.</p>
<p>Thank You.</p>
<p>The post <a rel="nofollow" href="/index.php/2018/03/14/how-to-get-a-free-vps-as-a-university-student/">How to get a free vps as a University Student?</a> appeared first on <a rel="nofollow" href="/">The SIGMA</a>.</p>
]]></content:encoded>
							<wfw:commentRss>/index.php/2018/03/14/how-to-get-a-free-vps-as-a-university-student/feed/</wfw:commentRss>
		<slash:comments>0</slash:comments>
							</item>
	</channel>
</rss>
