<?xml version="1.0" encoding="UTF-8"?><rss version="2.0"
	xmlns:content="http://purl.org/rss/1.0/modules/content/"
	xmlns:wfw="http://wellformedweb.org/CommentAPI/"
	xmlns:dc="http://purl.org/dc/elements/1.1/"
	xmlns:atom="http://www.w3.org/2005/Atom"
	xmlns:sy="http://purl.org/rss/1.0/modules/syndication/"
	xmlns:slash="http://purl.org/rss/1.0/modules/slash/"
	>

<channel>
	<title>macbook &#8211; The SIGMA</title>
	<atom:link href="/index.php/tag/macbook/feed/" rel="self" type="application/rss+xml" />
	<link>/</link>
	<description>&#60;For Those Who Code/&#62;</description>
	<lastBuildDate>
	Sat, 02 Mar 2019 16:57:34 +0000	</lastBuildDate>
	<language>en-US</language>
	<sy:updatePeriod>
	hourly	</sy:updatePeriod>
	<sy:updateFrequency>
	1	</sy:updateFrequency>
	<generator>https://wordpress.org/?v=5.1.1</generator>
	<item>
		<title>මේකද හොදම Laptop එක ?</title>
		<link>/index.php/2019/01/21/best-laptop/</link>
				<comments>/index.php/2019/01/21/best-laptop/#respond</comments>
				<pubDate>Mon, 21 Jan 2019 17:44:27 +0000</pubDate>
		<dc:creator><![CDATA[Ruchira Swarnapriya]]></dc:creator>
				<category><![CDATA[Tech News]]></category>
		<category><![CDATA[apple]]></category>
		<category><![CDATA[macbook]]></category>
		<category><![CDATA[MacBook Air 2018]]></category>

		<guid isPermaLink="false">/?p=1653</guid>
				<description><![CDATA[<p><span class="rt-reading-time" style="display: block;"><span class="rt-label">Reading Time: </span> <span class="rt-time">3</span> <span class="rt-label rt-postfix">minutes</span></span> ‌MacBook කියපු ගමන් මතක් වෙන්නේ Apple Company එකෙන් හදන Laptop ගැනනේ, අද අපි කතා කරන්න යන්නේ MacBook Series එකේ අලුත්ම Device එක වෙන MacBook Air 2018 ගැනයි. ‌Apple Company එක MacBook Air 2018 එක එක්ක Apple Company එක MacBook Air Series එකේ ලොකු වෙනසක් කරල තියෙනවා. MacBook Pro Series එකට<a class="moretag" href="/index.php/2019/01/21/best-laptop/"> Read more&#8230;</a></p>
<p>The post <a rel="nofollow" href="/index.php/2019/01/21/best-laptop/">මේකද හොදම Laptop එක ?</a> appeared first on <a rel="nofollow" href="/">The SIGMA</a>.</p>
]]></description>
								<content:encoded><![CDATA[<span class="rt-reading-time" style="display: block;"><span class="rt-label">Reading Time: </span> <span class="rt-time">3</span> <span class="rt-label rt-postfix">minutes</span></span>
<p style="text-align:center">‌MacBook කියපු ගමන් මතක් වෙන්නේ Apple Company එකෙන් හදන Laptop ගැනනේ, අද අපි කතා කරන්න යන්නේ  MacBook Series එකේ අලුත්ම Device එක වෙන MacBook Air 2018 ගැනයි.</p>



<figure class="wp-block-image"><img src="https://five.agency/wp-content/uploads/2018/10/MacBook-Air-family-10302018.jpg" alt=""/></figure>



<p style="text-align:center">‌Apple Company එක MacBook Air 2018 එක එක්ක Apple Company එක MacBook Air Series එකේ ලොකු වෙනසක් කරල තියෙනවා. MacBook Pro Series එකට විතරක් සීමා වෙලා තිබුනු Retina Display එක MacBook Air 2018 එකටත් දීලා තියෙන නිසා මේ වෙනස ගොඩක් කැපිල පේනවා. MacBook Air 2018 වල තියෙන 2560*1600 pixel Range එක කලින් MacBook Air 2017 වල තියෙන 1440*960 pixel Range එකට වඩා ගොඩාක්ම වෙනස් කියලා ඔයාලටම තේරෙනවා ඇතිනේ. Apple Company එකනම් කියන්නේ 48% Color වැඩිවීමක් මේ අලුත් Retina Dispaly එක නිසා බලාගන්න පුලුවන් කියලා.</p>



<p>  </p>



<figure class="wp-block-image"><img src="https://beebom.com/wp-content/uploads/2018/10/Macbook-Air-vs.jpg" alt=""/></figure>



<p></p>



<p style="text-align:center">‌Retina Display එක විතරක් නෙවෙයි Performance අතිනුත් MacBook Air 2018 Model එක කලින් Model වලට වඩා ඉදිරියෙන් ඉන්නවා. ඒ වගේම MacBook Air 2018 බර සාපේක්ෂව අඩු වෙලා තියෙනවා(MacBook Air 2017 1.35Kg) </p>



<p style="text-align:center">‌MacBook Air 2018 එකේ specification ගැන කතා කරනාවනම් 1.6GHz dual‑core 8th‑generation Intel&nbsp;Core&nbsp;i5 processor , 8GB 2133MHz LPDDR3 Ram , 128GB SSD storage , Intel UHD Graphics&nbsp;617 , Force Touch trackpad , Two Thunderbolt 3 ports වලින් සමන්විත වෙනවා. Ram එක 16GB වෙනකනුත් SSD එක 1.5TB වෙනකනුත් Upgrade කරන්න Apple Company එක පහසුක්ම් දීලා තියෙනවා.</p>



<p>‌</p>



<figure class="wp-block-image"><img src="https://images.firstpost.com/wp-content/uploads/2018/11/Apple-MacBook-Air-2018-768.jpg" alt=""/></figure>



<p style="text-align:center">කලින් MacBook Pro වලට විතරක් සීමා වෙලා තිබුනු Touch ID feature එකත් MacBook Air 2018 සමග MacBook Air Series එකට දෙන්න Apple Company එක තීරනය කරලා තියෙනවා. මේ Touch ID එක නිසා Password type කරන්නේ නැතිව පහසුවෙන් Log වෙන්න වගේම Document Access කරන්නත් හැකියාව ලැබෙනවා. ඒ වගේම ලේසියෙන්ම Apple Pay feature එක Use කරන්නත් මේ Touch ID එක නිසා හැකියාව ලැබෙනවා. Apple Company එක මේ Touch ID එක වෙනුවෙන් අලුතෙන්ම හදපු Apple T2 Security Chip එක Use කරලා තියෙනවා මේ නිසා Security අතින් ඉහල තැනක  MacBook තීයෙනවා කියන්න පුලුවන් ඒ වගේම මේ Chip එක නිසා SSD එකේ Data Automatically fully Encrypt වෙනවා.</p>



<p style="text-align:center">Battery Life එක ගැන කතා කරනවානම්  MacBook Air 2018 Model එකේ Full Charge එකකින් පැය 12 ක් වගේ වැඩ කරගන්න පුලුවනි.</p>



<p style="text-align:center">අන්තිමට කතා කරන්න තියෙන්නේ MacBook Air 2018 එකේ Keybord එක ගැන. Apple Company එක Butterfly Mechanism යොදාගෙන තමයි මේක නිර්මානය කරලා තියෙන්නේ. Apple Company එක කියන විදියට  Traditional Scissor Mechanism එකට සාපෙක්ශව එයාලගෙ  Mechanism එක 4x Key Stability එකක් ලබා දෙනවාලු. ඒ වගේම  Ambient Light Sensor එකත් එක්ක එන  individual LED-backlit&nbsp;system එක නිසා Low Light එකකදි උනත් typing කටයුතු වලටනම් අපහසුවක් වෙන්නේ නෑ. ඒ උනාට මේ වෙනකොට Butterfly Mechanism ලොකු Fault එකක් මේ වෙනකොට ඇවිත් තියෙනවා(වැඩි විස්තර පහත Video එකෙන්)</p>



<figure class="wp-block-embed-youtube wp-block-embed is-type-video is-provider-youtube wp-embed-aspect-16-9 wp-has-aspect-ratio"><div class="wp-block-embed__wrapper">
<iframe width="750" height="422" src="https://www.youtube.com/embed/4QDsqWkUvXQ?feature=oembed" frameborder="0" allow="accelerometer; autoplay; encrypted-media; gyroscope; picture-in-picture" allowfullscreen></iframe>
</div></figure>



<p style="text-align:center">Apple Product වල මිල ගනන් කතා කරනවානම් කොහොමත් ඉහල මිලගනනේ තියෙන්නේ MacBook Air එකත් ඒ වගේමයි,</p>



<p style="text-align:center">‌<strong>MacBook Air 2018 128GB Model Price 1,199$ (240,000LKR)</strong></p>



<p style="text-align:center">‌Apple Company එක 100% recycle කරපු Aluminum වලින් තමා මේ MacBook Air 2018 නිපදවලා තියෙන්නේ.</p>
<p>The post <a rel="nofollow" href="/index.php/2019/01/21/best-laptop/">මේකද හොදම Laptop එක ?</a> appeared first on <a rel="nofollow" href="/">The SIGMA</a>.</p>
]]></content:encoded>
							<wfw:commentRss>/index.php/2019/01/21/best-laptop/feed/</wfw:commentRss>
		<slash:comments>0</slash:comments>
							</item>
	</channel>
</rss>
