<?xml version="1.0" encoding="UTF-8"?><rss version="2.0"
	xmlns:content="http://purl.org/rss/1.0/modules/content/"
	xmlns:dc="http://purl.org/dc/elements/1.1/"
	xmlns:atom="http://www.w3.org/2005/Atom"
	xmlns:sy="http://purl.org/rss/1.0/modules/syndication/"
	
	>
<channel>
	<title>
	Comments on: VueJs 2 &#8211; 03 Vue directives කියන්නෙ මොනවද?	</title>
	<atom:link href="/index.php/2018/04/12/vuejs-2-03/feed/" rel="self" type="application/rss+xml" />
	<link>/index.php/2018/04/12/vuejs-2-03/</link>
	<description>&#60;For Those Who Code/&#62;</description>
	<lastBuildDate>
	Tue, 09 Apr 2019 02:05:35 +0000	</lastBuildDate>
	<sy:updatePeriod>
	hourly	</sy:updatePeriod>
	<sy:updateFrequency>
	1	</sy:updateFrequency>
	<generator>https://wordpress.org/?v=5.1.1</generator>
			<item>
				<title>
				By: Prasad Kavinda				</title>
				<link>/index.php/2018/04/12/vuejs-2-03/#comment-45</link>
		<dc:creator><![CDATA[Prasad Kavinda]]></dc:creator>
		<pubDate>Sat, 14 Apr 2018 13:13:13 +0000</pubDate>
		<guid isPermaLink="false">/?p=710#comment-45</guid>
					<description><![CDATA[thanks bn. elama..]]></description>
		<content:encoded><![CDATA[<p>thanks bn. elama..</p>
]]></content:encoded>
						</item>
						<item>
				<title>
				By: Kalana wijethunga				</title>
				<link>/index.php/2018/04/12/vuejs-2-03/#comment-43</link>
		<dc:creator><![CDATA[Kalana wijethunga]]></dc:creator>
		<pubDate>Sat, 14 Apr 2018 06:42:19 +0000</pubDate>
		<guid isPermaLink="false">/?p=710#comment-43</guid>
					<description><![CDATA[Good work mchn.keep it up. We ll be reading]]></description>
		<content:encoded><![CDATA[<p>Good work mchn.keep it up. We ll be reading</p>
]]></content:encoded>
						</item>
			</channel>
</rss>
