<?xml version="1.0" encoding="UTF-8"?><rss version="2.0"
	xmlns:content="http://purl.org/rss/1.0/modules/content/"
	xmlns:dc="http://purl.org/dc/elements/1.1/"
	xmlns:atom="http://www.w3.org/2005/Atom"
	xmlns:sy="http://purl.org/rss/1.0/modules/syndication/"
	
	>
<channel>
	<title>
	Comments on: Method Overriding &#038; super keyword	</title>
	<atom:link href="/index.php/2018/03/31/method-overriding/feed/" rel="self" type="application/rss+xml" />
	<link>/index.php/2018/03/31/method-overriding/</link>
	<description>&#60;For Those Who Code/&#62;</description>
	<lastBuildDate>
	Tue, 09 Apr 2019 02:05:35 +0000	</lastBuildDate>
	<sy:updatePeriod>
	hourly	</sy:updatePeriod>
	<sy:updateFrequency>
	1	</sy:updateFrequency>
	<generator>https://wordpress.org/?v=5.1.1</generator>
			<item>
				<title>
				By: Gayan Sampath				</title>
				<link>/index.php/2018/03/31/method-overriding/#comment-19</link>
		<dc:creator><![CDATA[Gayan Sampath]]></dc:creator>
		<pubDate>Mon, 02 Apr 2018 09:33:22 +0000</pubDate>
		<guid isPermaLink="false">/?p=407#comment-19</guid>
					<description><![CDATA[ha bn]]></description>
		<content:encoded><![CDATA[<p>ha bn</p>
]]></content:encoded>
						</item>
						<item>
				<title>
				By: Sandun Prasanganath				</title>
				<link>/index.php/2018/03/31/method-overriding/#comment-18</link>
		<dc:creator><![CDATA[Sandun Prasanganath]]></dc:creator>
		<pubDate>Sat, 31 Mar 2018 11:12:18 +0000</pubDate>
		<guid isPermaLink="false">/?p=407#comment-18</guid>
					<description><![CDATA[eka supiri bn......]]></description>
		<content:encoded><![CDATA[<p>eka supiri bn&#8230;&#8230;</p>
]]></content:encoded>
						</item>
			</channel>
</rss>
