<?xml version="1.0" encoding="UTF-8"?><rss version="2.0"
	xmlns:content="http://purl.org/rss/1.0/modules/content/"
	xmlns:wfw="http://wellformedweb.org/CommentAPI/"
	xmlns:dc="http://purl.org/dc/elements/1.1/"
	xmlns:atom="http://www.w3.org/2005/Atom"
	xmlns:sy="http://purl.org/rss/1.0/modules/syndication/"
	xmlns:slash="http://purl.org/rss/1.0/modules/slash/"
	>

<channel>
	<title>Tech News &#8211; The SIGMA</title>
	<atom:link href="/index.php/category/tech-news/feed/" rel="self" type="application/rss+xml" />
	<link>/</link>
	<description>&#60;For Those Who Code/&#62;</description>
	<lastBuildDate>
	Sat, 02 Mar 2019 16:57:34 +0000	</lastBuildDate>
	<language>en-US</language>
	<sy:updatePeriod>
	hourly	</sy:updatePeriod>
	<sy:updateFrequency>
	1	</sy:updateFrequency>
	<generator>https://wordpress.org/?v=5.1.1</generator>
	<item>
		<title>මේකද හොදම Laptop එක ?</title>
		<link>/index.php/2019/01/21/best-laptop/</link>
				<comments>/index.php/2019/01/21/best-laptop/#respond</comments>
				<pubDate>Mon, 21 Jan 2019 17:44:27 +0000</pubDate>
		<dc:creator><![CDATA[Ruchira Swarnapriya]]></dc:creator>
				<category><![CDATA[Tech News]]></category>
		<category><![CDATA[apple]]></category>
		<category><![CDATA[macbook]]></category>
		<category><![CDATA[MacBook Air 2018]]></category>

		<guid isPermaLink="false">/?p=1653</guid>
				<description><![CDATA[<p><span class="rt-reading-time" style="display: block;"><span class="rt-label">Reading Time: </span> <span class="rt-time">3</span> <span class="rt-label rt-postfix">minutes</span></span> ‌MacBook කියපු ගමන් මතක් වෙන්නේ Apple Company එකෙන් හදන Laptop ගැනනේ, අද අපි කතා කරන්න යන්නේ MacBook Series එකේ අලුත්ම Device එක වෙන MacBook Air 2018 ගැනයි. ‌Apple Company එක MacBook Air 2018 එක එක්ක Apple Company එක MacBook Air Series එකේ ලොකු වෙනසක් කරල තියෙනවා. MacBook Pro Series එකට<a class="moretag" href="/index.php/2019/01/21/best-laptop/"> Read more&#8230;</a></p>
<p>The post <a rel="nofollow" href="/index.php/2019/01/21/best-laptop/">මේකද හොදම Laptop එක ?</a> appeared first on <a rel="nofollow" href="/">The SIGMA</a>.</p>
]]></description>
								<content:encoded><![CDATA[<span class="rt-reading-time" style="display: block;"><span class="rt-label">Reading Time: </span> <span class="rt-time">3</span> <span class="rt-label rt-postfix">minutes</span></span>
<p style="text-align:center">‌MacBook කියපු ගමන් මතක් වෙන්නේ Apple Company එකෙන් හදන Laptop ගැනනේ, අද අපි කතා කරන්න යන්නේ  MacBook Series එකේ අලුත්ම Device එක වෙන MacBook Air 2018 ගැනයි.</p>



<figure class="wp-block-image"><img src="https://five.agency/wp-content/uploads/2018/10/MacBook-Air-family-10302018.jpg" alt=""/></figure>



<p style="text-align:center">‌Apple Company එක MacBook Air 2018 එක එක්ක Apple Company එක MacBook Air Series එකේ ලොකු වෙනසක් කරල තියෙනවා. MacBook Pro Series එකට විතරක් සීමා වෙලා තිබුනු Retina Display එක MacBook Air 2018 එකටත් දීලා තියෙන නිසා මේ වෙනස ගොඩක් කැපිල පේනවා. MacBook Air 2018 වල තියෙන 2560*1600 pixel Range එක කලින් MacBook Air 2017 වල තියෙන 1440*960 pixel Range එකට වඩා ගොඩාක්ම වෙනස් කියලා ඔයාලටම තේරෙනවා ඇතිනේ. Apple Company එකනම් කියන්නේ 48% Color වැඩිවීමක් මේ අලුත් Retina Dispaly එක නිසා බලාගන්න පුලුවන් කියලා.</p>



<p>  </p>



<figure class="wp-block-image"><img src="https://beebom.com/wp-content/uploads/2018/10/Macbook-Air-vs.jpg" alt=""/></figure>



<p></p>



<p style="text-align:center">‌Retina Display එක විතරක් නෙවෙයි Performance අතිනුත් MacBook Air 2018 Model එක කලින් Model වලට වඩා ඉදිරියෙන් ඉන්නවා. ඒ වගේම MacBook Air 2018 බර සාපේක්ෂව අඩු වෙලා තියෙනවා(MacBook Air 2017 1.35Kg) </p>



<p style="text-align:center">‌MacBook Air 2018 එකේ specification ගැන කතා කරනාවනම් 1.6GHz dual‑core 8th‑generation Intel&nbsp;Core&nbsp;i5 processor , 8GB 2133MHz LPDDR3 Ram , 128GB SSD storage , Intel UHD Graphics&nbsp;617 , Force Touch trackpad , Two Thunderbolt 3 ports වලින් සමන්විත වෙනවා. Ram එක 16GB වෙනකනුත් SSD එක 1.5TB වෙනකනුත් Upgrade කරන්න Apple Company එක පහසුක්ම් දීලා තියෙනවා.</p>



<p>‌</p>



<figure class="wp-block-image"><img src="https://images.firstpost.com/wp-content/uploads/2018/11/Apple-MacBook-Air-2018-768.jpg" alt=""/></figure>



<p style="text-align:center">කලින් MacBook Pro වලට විතරක් සීමා වෙලා තිබුනු Touch ID feature එකත් MacBook Air 2018 සමග MacBook Air Series එකට දෙන්න Apple Company එක තීරනය කරලා තියෙනවා. මේ Touch ID එක නිසා Password type කරන්නේ නැතිව පහසුවෙන් Log වෙන්න වගේම Document Access කරන්නත් හැකියාව ලැබෙනවා. ඒ වගේම ලේසියෙන්ම Apple Pay feature එක Use කරන්නත් මේ Touch ID එක නිසා හැකියාව ලැබෙනවා. Apple Company එක මේ Touch ID එක වෙනුවෙන් අලුතෙන්ම හදපු Apple T2 Security Chip එක Use කරලා තියෙනවා මේ නිසා Security අතින් ඉහල තැනක  MacBook තීයෙනවා කියන්න පුලුවන් ඒ වගේම මේ Chip එක නිසා SSD එකේ Data Automatically fully Encrypt වෙනවා.</p>



<p style="text-align:center">Battery Life එක ගැන කතා කරනවානම්  MacBook Air 2018 Model එකේ Full Charge එකකින් පැය 12 ක් වගේ වැඩ කරගන්න පුලුවනි.</p>



<p style="text-align:center">අන්තිමට කතා කරන්න තියෙන්නේ MacBook Air 2018 එකේ Keybord එක ගැන. Apple Company එක Butterfly Mechanism යොදාගෙන තමයි මේක නිර්මානය කරලා තියෙන්නේ. Apple Company එක කියන විදියට  Traditional Scissor Mechanism එකට සාපෙක්ශව එයාලගෙ  Mechanism එක 4x Key Stability එකක් ලබා දෙනවාලු. ඒ වගේම  Ambient Light Sensor එකත් එක්ක එන  individual LED-backlit&nbsp;system එක නිසා Low Light එකකදි උනත් typing කටයුතු වලටනම් අපහසුවක් වෙන්නේ නෑ. ඒ උනාට මේ වෙනකොට Butterfly Mechanism ලොකු Fault එකක් මේ වෙනකොට ඇවිත් තියෙනවා(වැඩි විස්තර පහත Video එකෙන්)</p>



<figure class="wp-block-embed-youtube wp-block-embed is-type-video is-provider-youtube wp-embed-aspect-16-9 wp-has-aspect-ratio"><div class="wp-block-embed__wrapper">
<iframe width="750" height="422" src="https://www.youtube.com/embed/4QDsqWkUvXQ?feature=oembed" frameborder="0" allow="accelerometer; autoplay; encrypted-media; gyroscope; picture-in-picture" allowfullscreen></iframe>
</div></figure>



<p style="text-align:center">Apple Product වල මිල ගනන් කතා කරනවානම් කොහොමත් ඉහල මිලගනනේ තියෙන්නේ MacBook Air එකත් ඒ වගේමයි,</p>



<p style="text-align:center">‌<strong>MacBook Air 2018 128GB Model Price 1,199$ (240,000LKR)</strong></p>



<p style="text-align:center">‌Apple Company එක 100% recycle කරපු Aluminum වලින් තමා මේ MacBook Air 2018 නිපදවලා තියෙන්නේ.</p>
<p>The post <a rel="nofollow" href="/index.php/2019/01/21/best-laptop/">මේකද හොදම Laptop එක ?</a> appeared first on <a rel="nofollow" href="/">The SIGMA</a>.</p>
]]></content:encoded>
							<wfw:commentRss>/index.php/2019/01/21/best-laptop/feed/</wfw:commentRss>
		<slash:comments>0</slash:comments>
							</item>
		<item>
		<title>Google Offers 100,000$ For Startups</title>
		<link>/index.php/2018/12/15/google-offer-100000-for-startups/</link>
				<comments>/index.php/2018/12/15/google-offer-100000-for-startups/#respond</comments>
				<pubDate>Sat, 15 Dec 2018 08:06:18 +0000</pubDate>
		<dc:creator><![CDATA[Danushka Herath]]></dc:creator>
				<category><![CDATA[Tech News]]></category>
		<category><![CDATA[Google Cloud]]></category>

		<guid isPermaLink="false">/?p=1468</guid>
				<description><![CDATA[<p><span class="rt-reading-time" style="display: block;"><span class="rt-label">Reading Time: </span> <span class="rt-time">3</span> <span class="rt-label rt-postfix">minutes</span></span> අද ලිපියෙන් කියන්න යන්නේ Startups වලට වාසි ආරංචියක්. මේක දැන් ටිකක් පරණයි. හැබැයි ගොඩක් දෙනෙක් තාම දන්නේ නෑ මෙහෙම Offer එකක් තියෙනවා කියලා. මේ වගේ Program එකක් පටන් ගන්න මූලික හේතුව වෙලා තියෙන්නේ දැනට Startup එකක් ආරම්භ කරත් මූල්‍යමය අපහසුතා නිසා අවශ්‍ය කරන Compute Engines, Machine Learning Kits, Databases වගේ<a class="moretag" href="/index.php/2018/12/15/google-offer-100000-for-startups/"> Read more&#8230;</a></p>
<p>The post <a rel="nofollow" href="/index.php/2018/12/15/google-offer-100000-for-startups/">Google Offers 100,000$ For Startups</a> appeared first on <a rel="nofollow" href="/">The SIGMA</a>.</p>
]]></description>
								<content:encoded><![CDATA[<span class="rt-reading-time" style="display: block;"><span class="rt-label">Reading Time: </span> <span class="rt-time">3</span> <span class="rt-label rt-postfix">minutes</span></span>
<div class="wp-block-image"><figure class="aligncenter"><img src="/wp-content/uploads/2018/12/BxVqrKmCMAApg2e.png" alt="" class="wp-image-1471" srcset="/wp-content/uploads/2018/12/BxVqrKmCMAApg2e.png 600w, /wp-content/uploads/2018/12/BxVqrKmCMAApg2e-300x124.png 300w" sizes="(max-width: 600px) 100vw, 600px" /></figure></div>



<p>අද ලිපියෙන් කියන්න යන්නේ Startups වලට වාසි ආරංචියක්. මේක දැන් ටිකක් පරණයි. හැබැයි ගොඩක් දෙනෙක් තාම දන්නේ නෑ මෙහෙම Offer එකක් තියෙනවා කියලා. මේ වගේ Program එකක් පටන් ගන්න මූලික හේතුව වෙලා තියෙන්නේ දැනට Startup එකක් ආරම්භ කරත් මූල්‍යමය අපහසුතා නිසා අවශ්‍ය කරන Compute Engines, Machine Learning Kits, Databases වගේ පහසුකම් ලබා ගන්න තියෙන අපහසුතා නිසා නතර වෙලා තියෙනවා නම් ඒ Projects වලට අවශ්‍ය පහසුකම් දෙන්න වගේම අලුත් Startup පටන් ගන්න Motivation එකක් දෙන්න. </p>



<p>මේ Credits යොදා ගන්න පුළුවන් Main Services කිහිපයක්ම තියෙනවා. </p>



<h3><u>App Engine / Compute Engine</u></h3>



<div class="wp-block-image"><figure class="aligncenter"><img src="/wp-content/uploads/2018/12/introduction-to-google-compute-engine-6-638.jpg" alt="" class="wp-image-1474" srcset="/wp-content/uploads/2018/12/introduction-to-google-compute-engine-6-638.jpg 638w, /wp-content/uploads/2018/12/introduction-to-google-compute-engine-6-638-300x169.jpg 300w" sizes="(max-width: 638px) 100vw, 638px" /><figcaption>Google Cloud Family</figcaption></figure></div>



<figure class="wp-block-image"><img alt=""/></figure>



<p>මේ Service එක භාවිතා කරලා ඔයගෙ දැනට තියෙන Project එකක් Google Cloud වල Host කර ගන්න පුළුවන්. App Engine එකක සහ Compute Engine එකක තියෙන වෙනස තමයි App Engine එකේදි ඔයාගෙ Project එක මොන වර්ගයේ ඒ කියන්නේ මොන Language එකෙන් හදලා තියෙන Project එකක්ද කියලා තෝරගත්තාම ඒකට අදාල Environment එක Google එකෙන්ම හදලා දෙනවා. අපිට Default ඒ Environment එක භාවිතා කරලා අපේ Project එක ලේසියෙන්ම Host කරගන්න පුළුවන්. හැබැයි Compute Engine එකකදි අපිට කැමති OS එකකින් Server Machine එකක් ගන්න පුළුවන්. ඊට පස්සේ අපිට අවශ්‍ය කරන Application, Dependencies Install කරගන්න ඕන. </p>



<h3> <u>Google Cloud AI</u></h3>



<div class="wp-block-image"><figure class="aligncenter"><img src="/wp-content/uploads/2018/12/cloud-automl.jpg" alt="" class="wp-image-1476" srcset="/wp-content/uploads/2018/12/cloud-automl.jpg 980w, /wp-content/uploads/2018/12/cloud-automl-300x190.jpg 300w, /wp-content/uploads/2018/12/cloud-automl-768x486.jpg 768w" sizes="(max-width: 980px) 100vw, 980px" /><figcaption>Google Cloud AI</figcaption></figure></div>



<p>Projects වලට අවශ්‍ය කරන AI Models Train කරගන්න මේ Cloud AI එක Use කරන්න පුළුවන්. Local Machine එකක Model එකක් train කරනවට වඩා වේගයෙන් Google Computers වලින් තමන්ගේ Model එකක් Train කරගන්න මේ මගින් අවස්ථාවක් හම්බෙනවා. ඒ වගේම අපිට දැනට Train කරලා තියෙන Models පාවිච්චි කරන්නත් පුළුවන්. Natural Language Recognition, Image Recognition, Video Analysis, Translation Services වලට මේ Service එක භාවිතා කරන්න පුළුවන්. </p>



<h3> <u>Google Map Platform</u></h3>



<div class="wp-block-image"><figure class="aligncenter"><img src="/wp-content/uploads/2018/12/Realtime-Android-Geolocation-Tracking-with-the-Google-Maps-API-2-1024x445.png" alt="" class="wp-image-1477" srcset="/wp-content/uploads/2018/12/Realtime-Android-Geolocation-Tracking-with-the-Google-Maps-API-2-1024x445.png 1024w, /wp-content/uploads/2018/12/Realtime-Android-Geolocation-Tracking-with-the-Google-Maps-API-2-300x130.png 300w, /wp-content/uploads/2018/12/Realtime-Android-Geolocation-Tracking-with-the-Google-Maps-API-2-768x334.png 768w, /wp-content/uploads/2018/12/Realtime-Android-Geolocation-Tracking-with-the-Google-Maps-API-2.png 1380w" sizes="(max-width: 1024px) 100vw, 1024px" /></figure></div>



<p>Google Maps Platform එක භාවිතා කරලා අපිට නොදන්න තැනට විස්තර, යම් ස්ථානයකට යන Direction එක. ස්ථාන දෙකක් අතර දුර වගේ ගොඩක් දේවල් අපේ Application එකකට Integrate කර ගන්න පුළුවන්. </p>



<h3> <u>G Suit</u></h3>



<div class="wp-block-image"><figure class="aligncenter"><img src="/wp-content/uploads/2018/12/gsuite-business-platform-767x511@2x-1024x682-1024x682.png" alt="" class="wp-image-1480" srcset="/wp-content/uploads/2018/12/gsuite-business-platform-767x511@2x-1024x682.png 1024w, /wp-content/uploads/2018/12/gsuite-business-platform-767x511@2x-1024x682-300x200.png 300w, /wp-content/uploads/2018/12/gsuite-business-platform-767x511@2x-1024x682-768x512.png 768w, /wp-content/uploads/2018/12/gsuite-business-platform-767x511@2x-1024x682-360x240.png 360w" sizes="(max-width: 1024px) 100vw, 1024px" /><figcaption>G suit</figcaption></figure></div>



<p>Google එකෙන් දෙන මේ Services දැනටමත් ඔයා යම් Limited Conditions යටතේ ඔයාලා භාවිතා කරනවා ඇති. උදාහරණයක් විදියට Google Drive එකේ Free දෙන 15GB ප්‍රමාණය භාවිතා කරනවා ඇති. Google එකේ Credits භාවිතා කරලා අපිට පුළුවන් මේ Limits තව දුරටත් වැඩි කරගන්න. </p>



<h3><u>Apply කරන්නේ කොහොමද?</u></h3>



<p>Apply කරන්න පුළුවන් Packages 3ක් තියෙනවා. තමන්ගේ Startup එකේ Stage එක අනුව ඒකට Apply කරන්න පුළුවන්.</p>



<ol><li>Start Package &#8211; 3,000$ (1 year)</li><li>Spark Package &#8211; 20,000$ (1 year)</li><li>Surge Package &#8211; 100,000$ (1 year)</li></ol>



<p>මේ එක එක Package එකෙන් දෙන්නේ එකිනෙකට වෙනස් Features. Surge Package එකට අනිත් දෙකේම තියෙන Features හම්බෙනවා. වැඩි විස්තර මෙතනින් බලන්න.  <a href="https://cloud.google.com/developers/startups/">https://cloud.google.com/developers/startups/</a></p>



<p>Apply කරන්න මුලින්ම තමන්ගේ Email Account එකෙන් Google Cloud එකට Log වෙලා Credit Card එක link කරගන්න ඕන. ඊට පස්සේ Billing Account එකක් හැදෙනවා. මේ Billing Account එකට තමයි Credits ටික හම්බවෙන්නේ. ( මේ Credits භාවිතා කරන්න පුළුවන් Google Cloud එක ඇතුලේ තියෙන Services වලට විතරයි. ඒ කියන්නේ ඔයා Credit Card එක Link කරාට Credits ඔයාගේ Card එකට Deposit වීමක් වෙන්නේ නෑ. )</p>



<p>මේ Link එකෙන් ගිහින් තමන්ගේ Details දාලා Apply කරලා බලන්න. සාමාන්‍යයෙන් පැය 48ක් ඇතුලත Application එක review කරලා Approve කරලා email එකක් එවනවා.</p>



<h4><a href="https://cloud.google.com/developers/startups/apply/" target="_blank" rel="noreferrer noopener" aria-label="https://cloud.google.com/developers/startups/apply/ (opens in a new tab)">https://cloud.google.com/developers/startups/apply/</a></h4>



<p>Google Cloud Platform එක ගැන හෝ Apply කරන එක ගැන මොකක් හරි ප්‍රශ්ණයක් තිබුණොත් Comment එකක් දාන්න. </p>
<p>The post <a rel="nofollow" href="/index.php/2018/12/15/google-offer-100000-for-startups/">Google Offers 100,000$ For Startups</a> appeared first on <a rel="nofollow" href="/">The SIGMA</a>.</p>
]]></content:encoded>
							<wfw:commentRss>/index.php/2018/12/15/google-offer-100000-for-startups/feed/</wfw:commentRss>
		<slash:comments>0</slash:comments>
							</item>
	</channel>
</rss>
