<?xml version="1.0" encoding="UTF-8"?><rss version="2.0"
	xmlns:content="http://purl.org/rss/1.0/modules/content/"
	xmlns:wfw="http://wellformedweb.org/CommentAPI/"
	xmlns:dc="http://purl.org/dc/elements/1.1/"
	xmlns:atom="http://www.w3.org/2005/Atom"
	xmlns:sy="http://purl.org/rss/1.0/modules/syndication/"
	xmlns:slash="http://purl.org/rss/1.0/modules/slash/"
	>

<channel>
	<title>github &#8211; The SIGMA</title>
	<atom:link href="/index.php/tag/github/feed/" rel="self" type="application/rss+xml" />
	<link>/</link>
	<description>&#60;For Those Who Code/&#62;</description>
	<lastBuildDate>
	Sat, 02 Mar 2019 16:57:34 +0000	</lastBuildDate>
	<language>en-US</language>
	<sy:updatePeriod>
	hourly	</sy:updatePeriod>
	<sy:updateFrequency>
	1	</sy:updateFrequency>
	<generator>https://wordpress.org/?v=5.1.1</generator>
	<item>
		<title>Install Github and Basic Commands</title>
		<link>/index.php/2018/03/13/install-github-and-basic-commands/</link>
				<comments>/index.php/2018/03/13/install-github-and-basic-commands/#respond</comments>
				<pubDate>Tue, 13 Mar 2018 15:56:41 +0000</pubDate>
		<dc:creator><![CDATA[Danushka Herath]]></dc:creator>
				<category><![CDATA[Github]]></category>
		<category><![CDATA[tech]]></category>
		<category><![CDATA[github]]></category>

		<guid isPermaLink="false">/?p=47</guid>
				<description><![CDATA[<p><span class="rt-reading-time" style="display: block;"><span class="rt-label">Reading Time: </span> <span class="rt-time">2</span> <span class="rt-label rt-postfix">minutes</span></span> How to Install Git Desktop Software for your pc? The software you need to install for all of your git operations is git Desktop. You can select a version depend on your operating system as listed below Windows Linux Mac This tutorial is based on linux version. No problem if<a class="moretag" href="/index.php/2018/03/13/install-github-and-basic-commands/"> Read more&#8230;</a></p>
<p>The post <a rel="nofollow" href="/index.php/2018/03/13/install-github-and-basic-commands/">Install Github and Basic Commands</a> appeared first on <a rel="nofollow" href="/">The SIGMA</a>.</p>
]]></description>
								<content:encoded><![CDATA[<span class="rt-reading-time" style="display: block;"><span class="rt-label">Reading Time: </span> <span class="rt-time">2</span> <span class="rt-label rt-postfix">minutes</span></span><h3><em><strong>How to Install Git Desktop Software for your pc?</strong></em></h3>
<p>The software you need to install for all of your git operations is git Desktop. You can select a version depend on your operating system as listed below</p>
<ul>
<li><a href="https://git-scm.com/download/win">Windows</a></li>
<li><a href="https://git-scm.com/download/linux">Linux</a></li>
<li><a href="https://git-scm.com/download/mac">Mac</a></li>
</ul>
<p>This tutorial is based on linux version. No problem if you&#8217;re running on windows. Just follow this guide.</p>
<p><strong>First Step</strong> is Install the git bash software for your PC. If you&#8217;re a ubuntu user just paste this code in the terminal. Any other refer the link above.</p>
<blockquote><p>sudo apt install git</p></blockquote>
<p><strong>Then Create an empty project</strong> with your own name in the github.com</p>
<p><img class="aligncenter wp-image-50" src="/wp-content/uploads/2018/03/Screenshot-from-2018-03-13-21-07-00-300x203.png" alt="project" width="505" height="341" srcset="/wp-content/uploads/2018/03/Screenshot-from-2018-03-13-21-07-00-300x203.png 300w, /wp-content/uploads/2018/03/Screenshot-from-2018-03-13-21-07-00-768x519.png 768w, /wp-content/uploads/2018/03/Screenshot-from-2018-03-13-21-07-00.png 793w" sizes="(max-width: 505px) 100vw, 505px" /></p>
<p>Next Step is Copy the url of newly created git repository</p>
<p><img class="aligncenter wp-image-51" src="/wp-content/uploads/2018/03/Screenshot-from-2018-03-13-21-09-18-300x75.png" alt="new" width="492" height="123" srcset="/wp-content/uploads/2018/03/Screenshot-from-2018-03-13-21-09-18-300x75.png 300w, /wp-content/uploads/2018/03/Screenshot-from-2018-03-13-21-09-18-768x193.png 768w, /wp-content/uploads/2018/03/Screenshot-from-2018-03-13-21-09-18-1024x257.png 1024w, /wp-content/uploads/2018/03/Screenshot-from-2018-03-13-21-09-18.png 1032w" sizes="(max-width: 492px) 100vw, 492px" /></p>
<p>Open the gitbash (for windows) or open the terminal for linux and type:</p>
<blockquote><p>mkdir <strong><em>myproject</em></strong></p>
<p>cd <strong>myproject</strong></p>
<p>git init.</p>
<p>git remote <strong>&lt;url_here&gt;</strong></p>
<p>git add .</p>
<p>git commit -am &#8220;<strong>Your_Commit_name&#8221;</strong></p>
<p>git pull origin master</p>
<p>git push origin master</p></blockquote>
<p>Replace the myproject with your own name and your_copied_link_here with your link. Follow these commands line by line. You&#8217;ll ask for username and password for 2 times. Then you can add or create new files within this <strong>myproject </strong>folder and add them directly to the github.</p>
<p>For testing add some file (Some text files) for example.</p>
<blockquote><p>git add .</p>
<p>git commit -am &#8220;Your Commit here&#8221;</p>
<p>git pull origin master</p></blockquote>
<p>Follow above command lines and you can see your codes on the github project page.</p>
<p>Here is the meaning of this Code lines.</p>
<p><strong>git add &#8211; </strong>organize your new files with git file system</p>
<p><strong>git pull origin master &#8211; </strong>pull new files from the git repository to your local folder</p>
<p><strong>git commit &#8211; </strong>this command record your new changes within the code of your files and save them with given name</p>
<p><strong>git push origin master &#8211; </strong>push your codes from local folder to github repo&#8217;s master branch.</p>
<p>&nbsp;</p>
<p>Try and feel free to ask questions here.</p>
<p>&nbsp;</p>
<p>The post <a rel="nofollow" href="/index.php/2018/03/13/install-github-and-basic-commands/">Install Github and Basic Commands</a> appeared first on <a rel="nofollow" href="/">The SIGMA</a>.</p>
]]></content:encoded>
							<wfw:commentRss>/index.php/2018/03/13/install-github-and-basic-commands/feed/</wfw:commentRss>
		<slash:comments>0</slash:comments>
							</item>
		<item>
		<title>How to Use Github for your Project?</title>
		<link>/index.php/2018/03/12/how-to-use-github-for-your-project/</link>
				<comments>/index.php/2018/03/12/how-to-use-github-for-your-project/#comments</comments>
				<pubDate>Mon, 12 Mar 2018 18:51:38 +0000</pubDate>
		<dc:creator><![CDATA[Danushka Herath]]></dc:creator>
				<category><![CDATA[Github]]></category>
		<category><![CDATA[tech]]></category>
		<category><![CDATA[github]]></category>

		<guid isPermaLink="false">/?p=31</guid>
				<description><![CDATA[<p><span class="rt-reading-time" style="display: block;"><span class="rt-label">Reading Time: </span> <span class="rt-time">2</span> <span class="rt-label rt-postfix">minutes</span></span> What is GIT? Git (different from github) is the most widely used modern version control system in the world today. Git is a mature, actively maintained open source project originally developed in 2005 by Linus Torvalds, the famous creator of the Linux operating system kernel. A git can save all changes of<a class="moretag" href="/index.php/2018/03/12/how-to-use-github-for-your-project/"> Read more&#8230;</a></p>
<p>The post <a rel="nofollow" href="/index.php/2018/03/12/how-to-use-github-for-your-project/">How to Use Github for your Project?</a> appeared first on <a rel="nofollow" href="/">The SIGMA</a>.</p>
]]></description>
								<content:encoded><![CDATA[<span class="rt-reading-time" style="display: block;"><span class="rt-label">Reading Time: </span> <span class="rt-time">2</span> <span class="rt-label rt-postfix">minutes</span></span><p><img class="aligncenter wp-image-32 size-medium" src="/wp-content/uploads/2018/03/Github2-300x142.png" alt="git" width="300" height="142" srcset="/wp-content/uploads/2018/03/Github2-300x142.png 300w, /wp-content/uploads/2018/03/Github2.png 500w" sizes="(max-width: 300px) 100vw, 300px" /></p>
<h4><em><strong>What is GIT?</strong></em></h4>
<p>Git (different from github) is the most widely used modern version control system in the world today. Git is a mature, actively maintained open source project originally developed in 2005 by Linus Torvalds, the famous creator of the Linux operating system kernel. A git can save all changes of a project from a developer form starting point to the end in a single repository.</p>
<h4><em><strong>So What is Github?</strong></em></h4>
<p>Github is a kind of service implemented on git based file system. The special of git is its free for world wide users and It ensure the data security of the users. Github is not the only one git based repository saving website in the world. There are many Companies do the service like github. But not much popular. There are some examples:</p>
<ol>
<li><a href="http://bitbucket.org/">Bitbucket</a></li>
<li><a href="http://gitlab.org/">GitLab</a></li>
<li><a href="https://technologyadvice.com/products/fogbugz-fog-creek-software-reviews/">FogBugz Kiln/DevHub</a></li>
<li><a href="http://beanstalkapp.com/">Beanstalk</a></li>
</ol>
<p>If you google something like &#8216;Alternates for github&#8217; there are many results with alternates for github.</p>
<h4><em><strong>Why Github?</strong></em></h4>
<p>As students there&#8217;s are group projects to do. If all of your group members are not in a one place you&#8217;ll be in trouble because you don&#8217;t have an idea about what others will edit in your project. So github is a great place to collaborate with your team members to discuss about the problems and make the project done.</p>
<p>Another benefit is  github can save all of your file changes history since you start your very first step to the complete software. So github working as a version controlling system. You can release a new version of your software through the github easily.</p>
<p style="text-align: center;"><strong>Stay Tuned of Next letter of how to use Github</strong></p>
<p>The post <a rel="nofollow" href="/index.php/2018/03/12/how-to-use-github-for-your-project/">How to Use Github for your Project?</a> appeared first on <a rel="nofollow" href="/">The SIGMA</a>.</p>
]]></content:encoded>
							<wfw:commentRss>/index.php/2018/03/12/how-to-use-github-for-your-project/feed/</wfw:commentRss>
		<slash:comments>1</slash:comments>
							</item>
	</channel>
</rss>
