<?xml version="1.0" encoding="UTF-8"?><rss version="2.0"
	xmlns:content="http://purl.org/rss/1.0/modules/content/"
	xmlns:dc="http://purl.org/dc/elements/1.1/"
	xmlns:atom="http://www.w3.org/2005/Atom"
	xmlns:sy="http://purl.org/rss/1.0/modules/syndication/"
	
	>
<channel>
	<title>
	Comments on: VueJs 2 &#8211; 04 Event එක්ක වැඩ කරමු	</title>
	<atom:link href="/index.php/2018/04/14/vuejs-2-04/feed/" rel="self" type="application/rss+xml" />
	<link>/index.php/2018/04/14/vuejs-2-04/</link>
	<description>&#60;For Those Who Code/&#62;</description>
	<lastBuildDate>
	Tue, 09 Apr 2019 02:05:35 +0000	</lastBuildDate>
	<sy:updatePeriod>
	hourly	</sy:updatePeriod>
	<sy:updateFrequency>
	1	</sy:updateFrequency>
	<generator>https://wordpress.org/?v=5.1.1</generator>
			<item>
				<title>
				By: Prasad Kavinda				</title>
				<link>/index.php/2018/04/14/vuejs-2-04/#comment-51</link>
		<dc:creator><![CDATA[Prasad Kavinda]]></dc:creator>
		<pubDate>Mon, 16 Apr 2018 14:39:16 +0000</pubDate>
		<guid isPermaLink="false">/?p=740#comment-51</guid>
					<description><![CDATA[thanks mchn]]></description>
		<content:encoded><![CDATA[<p>thanks mchn</p>
]]></content:encoded>
						</item>
						<item>
				<title>
				By: Kalana dananjaya				</title>
				<link>/index.php/2018/04/14/vuejs-2-04/#comment-50</link>
		<dc:creator><![CDATA[Kalana dananjaya]]></dc:creator>
		<pubDate>Mon, 16 Apr 2018 10:46:05 +0000</pubDate>
		<guid isPermaLink="false">/?p=740#comment-50</guid>
					<description><![CDATA[Patta macho]]></description>
		<content:encoded><![CDATA[<p>Patta macho</p>
]]></content:encoded>
						</item>
			</channel>
</rss>
