<?xml version="1.0" encoding="UTF-8"?><rss version="2.0"
	xmlns:content="http://purl.org/rss/1.0/modules/content/"
	xmlns:wfw="http://wellformedweb.org/CommentAPI/"
	xmlns:dc="http://purl.org/dc/elements/1.1/"
	xmlns:atom="http://www.w3.org/2005/Atom"
	xmlns:sy="http://purl.org/rss/1.0/modules/syndication/"
	xmlns:slash="http://purl.org/rss/1.0/modules/slash/"
	>

<channel>
	<title>Entertainment &#8211; The SIGMA</title>
	<atom:link href="/index.php/category/entertainment/feed/" rel="self" type="application/rss+xml" />
	<link>/</link>
	<description>&#60;For Those Who Code/&#62;</description>
	<lastBuildDate>
	Sat, 02 Mar 2019 16:57:34 +0000	</lastBuildDate>
	<language>en-US</language>
	<sy:updatePeriod>
	hourly	</sy:updatePeriod>
	<sy:updateFrequency>
	1	</sy:updateFrequency>
	<generator>https://wordpress.org/?v=5.1.1</generator>
	<item>
		<title>share mouse keyboard with multiple computers</title>
		<link>/index.php/2018/04/09/share-mouse-keyboard-with-multiple-computers/</link>
				<comments>/index.php/2018/04/09/share-mouse-keyboard-with-multiple-computers/#respond</comments>
				<pubDate>Sun, 08 Apr 2018 21:16:40 +0000</pubDate>
		<dc:creator><![CDATA[Prasad Kavinda]]></dc:creator>
				<category><![CDATA[Entertainment]]></category>
		<category><![CDATA[network]]></category>
		<category><![CDATA[tech]]></category>
		<category><![CDATA[mouse keyboard]]></category>
		<category><![CDATA[mousewithoutboarders]]></category>
		<category><![CDATA[share]]></category>
		<category><![CDATA[synergy]]></category>

		<guid isPermaLink="false">/?p=712</guid>
				<description><![CDATA[<p><span class="rt-reading-time" style="display: block;"><span class="rt-label">Reading Time: </span> <span class="rt-time">2</span> <span class="rt-label rt-postfix">minutes</span></span> ‍මේ කියන්න යන්නෙ lap එකේ වැඩ කරද්දි (විශේෂයෙන් ගෙදරදි) මට නිතරම උදව්වෙන පොඩි software කෑල්ලක් ගැන.(කෑල්ලක් කිව්වට, කෑලි 2 ක් තියෙනව ඇත්තටම 😀 ) Desktop එකයි lap එකයි දෙකම On කරගෙන වැඩ කරද්දි මට තිබ්බ ප්‍රශ්නයක් තමයි හැමතිස්සෙම mouse එකෙන් mouse එකට මාරු වෙන්න වෙන එක.(desktop එකෙන් lap එකට, lap<a class="moretag" href="/index.php/2018/04/09/share-mouse-keyboard-with-multiple-computers/"> Read more&#8230;</a></p>
<p>The post <a rel="nofollow" href="/index.php/2018/04/09/share-mouse-keyboard-with-multiple-computers/">share mouse keyboard with multiple computers</a> appeared first on <a rel="nofollow" href="/">The SIGMA</a>.</p>
]]></description>
								<content:encoded><![CDATA[<span class="rt-reading-time" style="display: block;"><span class="rt-label">Reading Time: </span> <span class="rt-time">2</span> <span class="rt-label rt-postfix">minutes</span></span><p>‍මේ කියන්න යන්නෙ lap එකේ වැඩ කරද්දි (විශේෂයෙන් ගෙදරදි) මට නිතරම උදව්වෙන පොඩි software කෑල්ලක් ගැන.(කෑල්ලක් කිව්වට, කෑලි 2 ක් තියෙනව ඇත්තටම 😀 ) Desktop එකයි lap එකයි දෙකම On කරගෙන වැඩ කරද්දි මට තිබ්බ ප්‍රශ්නයක් තමයි හැමතිස්සෙම mouse එකෙන් mouse එකට මාරු වෙන්න වෙන එක.(desktop එකෙන් lap එකට, lap එකෙන් desktop එකට) මේකට විසදුමක් නැද්ද කියල හොයද්දි මට හම්බ උනා <a href="https://www.microsoft.com/en-us/download/details.aspx?id=35460">මේක</a>.</p>
<p>Mouse without Boarders කියල පොඩි software එකක්. මේක Microsoft ලගෙ එකක්. ඒ උනාට සම්පූර්ණයෙන්ම Free. මේක අපිට  mouse/keyboard share කරන්න ඕනෙ computers දෙකේම (දෙකක් විතරක් නෙවෙයි 4ක් වෙනකන් පුළුවන්) install කරන්න ඕනෙ. ඊළඟට පළවෙනි computer එකෙන් දෙන key එක දෙවනි computer එකේ enter කරාම හරි. දැන් මේ computer 2, එකම network එකකට connect  උන ගමන් (router එකකට වගේ), එක computer එකක තියෙන mouse/keyboard වලිින් අනිත් computer එකත් control කරන්න පුළුවන්. ඒ විතරක් නෙවෙයි file උනත් drag &amp; drop කරන්න පුළුවන්. clipboard එක උනත් share වෙනව. ඒත් ඉතින් මේක වැඩ කරන්නෙ windows වල විතරයි.</p>
<p>Linux/Windows අතරෙ mouse එක share කරන්න ඉතින් ඒකෙන් බෑ. මම සමහර වෙලාවට linux වලිනුත් වැඩ කරන නිසා, දෙකටම හරියන එකක් හොයද්දි  හම්බ උනා synergy කියල software එකක්.</p>
<p><img class="size-medium wp-image-720 aligncenter" src="/wp-content/uploads/2018/04/Synergy-Logo-Large-300x94.png" alt="synergy logo" width="300" height="94" srcset="/wp-content/uploads/2018/04/Synergy-Logo-Large-300x94.png 300w, /wp-content/uploads/2018/04/Synergy-Logo-Large-768x240.png 768w, /wp-content/uploads/2018/04/Synergy-Logo-Large.png 1000w" sizes="(max-width: 300px) 100vw, 300px" /></p>
<p>මේකෙන් පුළුවන් Linux/windows/mac ඕක එකක් එක්ක connect කරන්න. හැබැයි ඉතිං මේක free එකක් නෙවෙයි.(Linux වලට නම් free) එ්ත් ඉතිං free එකක් torrent එකකින් හොයාගන්න බැරිවෙන්නෙ නෑ 😐 . මේකත් ඉතිං අර කලින් එක වගේ computer 2කේම install කරන්න ඕනෙ. හැබැයි මේකෙ version කීපයක්ම තියෙන නිසා computer 2කේම එකම version එකක් තියෙන්න ඕන නැත්තම් connect වෙන්නෙ නෑ.</p>
<p>mouse with boarders වගේ නෙවෙයි මේකෙදි එක computer එකක් server එකක් විදියට set කරල, ඉතිරි එ්ව client විදියට හදන්න ඕනෙ. එතකොට අර server computer එකේ mouse/keyboard වලින් client ලව control කරන්න පුළුවන්. mouse with boarders එක එහෙම නෑ. ඕන එකකින් ඕන එකක් control කරන්න පුළුවන්. ඒ වගේම synergy වලින් file share කරන්නත් බෑ.</p>
<p>අන්තිමට කියන්න තියෙන්නෙ මෙච්චරයි. මේ වගේ software තියෙනකම් අපිට දියවැඩියාව හැදෙන එක නවත්තන්න බෑ. ඇයි ඉතිං ඒකටවත් මහන්සි වෙන්න කැමති නෑ නෙ. 😀 😀</p>
<p>The post <a rel="nofollow" href="/index.php/2018/04/09/share-mouse-keyboard-with-multiple-computers/">share mouse keyboard with multiple computers</a> appeared first on <a rel="nofollow" href="/">The SIGMA</a>.</p>
]]></content:encoded>
							<wfw:commentRss>/index.php/2018/04/09/share-mouse-keyboard-with-multiple-computers/feed/</wfw:commentRss>
		<slash:comments>0</slash:comments>
							</item>
		<item>
		<title>Make LED cube with Arduino  **  ආඩුඊනෝ වලින් LED cube එකක් හදමු.</title>
		<link>/index.php/2018/04/02/make-led-cube-with-arduino/</link>
				<comments>/index.php/2018/04/02/make-led-cube-with-arduino/#comments</comments>
				<pubDate>Sun, 01 Apr 2018 19:47:42 +0000</pubDate>
		<dc:creator><![CDATA[Prasad Kavinda]]></dc:creator>
				<category><![CDATA[Electronic]]></category>
		<category><![CDATA[Entertainment]]></category>
		<category><![CDATA[tech]]></category>
		<category><![CDATA[8x8x8]]></category>
		<category><![CDATA[arduino]]></category>
		<category><![CDATA[led cube]]></category>
		<category><![CDATA[pov]]></category>
		<category><![CDATA[sinhala]]></category>

		<guid isPermaLink="false">/?p=294</guid>
				<description><![CDATA[<p><span class="rt-reading-time" style="display: block;"><span class="rt-label">Reading Time: </span> <span class="rt-time">10</span> <span class="rt-label rt-postfix">minutes</span></span> ආයුබෝවන් හැම දෙනාටම! අද post එක ටිකක් දිග එකක් වෙන්න යන්නෙ. ඒ නිසා කෙළින්ම බහින්නම් අද මාතෘකාවට. කියන්න යන්නෙ මම කරපු පොඩි ආඩුඊනෝ ප්‍රොජෙක්ට් එකක් ගැන. LED cube එකක්. Arduino Uno එකකින් තමයි මම මේක කරේ. ඇත්තටම මේ project එක නිසා මට සෑහෙන්න දේවල් ටිකක් ඉගෙන ගන්න පුළුවන් උනා. ඉතිං<a class="moretag" href="/index.php/2018/04/02/make-led-cube-with-arduino/"> Read more&#8230;</a></p>
<p>The post <a rel="nofollow" href="/index.php/2018/04/02/make-led-cube-with-arduino/">Make LED cube with Arduino  **  ආඩුඊනෝ වලින් LED cube එකක් හදමු.</a> appeared first on <a rel="nofollow" href="/">The SIGMA</a>.</p>
]]></description>
								<content:encoded><![CDATA[<span class="rt-reading-time" style="display: block;"><span class="rt-label">Reading Time: </span> <span class="rt-time">10</span> <span class="rt-label rt-postfix">minutes</span></span><p>ආයුබෝවන් හැම දෙනාටම! අද post එක ටිකක් දිග එකක් වෙන්න යන්නෙ. ඒ නිසා කෙළින්ම බහින්නම් අද මාතෘකාවට. කියන්න යන්නෙ මම කරපු පොඩි ආඩුඊනෝ ප්‍රොජෙක්ට් එකක් ගැන. LED cube එකක්. Arduino Uno එකකින් තමයි මම මේක කරේ. ඇත්තටම මේ project එක නිසා මට සෑහෙන්න දේවල් ටිකක් ඉගෙන ගන්න පුළුවන් උනා. ඉතිං ඒ දේවල් ඔයාලට කියල දෙන්න තමයි මම මේ try කරන්නෙ. මේක හදන විදිය පියවරෙන් පියවර මම කියල දෙන්නම්. මේ පහළ තියෙන්නෙ ඒ cube එක තමයි.</p>
<p><img class=" wp-image-459 aligncenter" src="/wp-content/uploads/2018/04/led-cube-300x225.jpg" alt="LED cube 8x8x8" width="531" height="398" srcset="/wp-content/uploads/2018/04/led-cube-300x225.jpg 300w, /wp-content/uploads/2018/04/led-cube-768x576.jpg 768w, /wp-content/uploads/2018/04/led-cube-1024x768.jpg 1024w" sizes="(max-width: 531px) 100vw, 531px" /></p>
<p>Electronic වලට ආස නම් අනිවාර්යයෙන්ම ඔයා ආඩුඊනෝ ගැන දන්නව ඇති. දන්නෙ නැති අයට  ඒ ගැන ඉතාම කොටියෙන් කියල දෙන්නම් . ආඩුඊනෝ කියන්නෙ open-source electronics platform එකක්. සරලවම කිව්වොත් ආඩුඊනෝ කියන්නෙ program කරන්න පුළුවන් පොඩි circuit board එකකට. මේ බෝඩ් එකේ pin කීපයක් තියෙනව. මේ pin වලට එන current එක control කරල එක එක විදියෙ දේවල් කරගන්න පුලුවන්. මෙයින් එකකින් led පත්තුකරනව කියන්නෙ ඉතාම සරල දෙයක්. Sensor එහෙම connect කරල, සංකීර්ණ රොබෝවරු උනත් හදාගන්න පුළුවන්. ආඩුඊනෝ කියන්නෙ මොකද්ද කියල පොඩි හරි අදහසක් එන්න ඇති කියල හිතනව.</p>
<p>මේ video එක දැක්කම මේ ගැන ආසාවක් ඇතිවෙයි. මේක හදන එක එච්චර අමාරු දෙයක් නෙවෙයි. පොඩි ඉවසීමකින් වැඩ ටික කරන එක විතරයි ඕනෙ වෙන්නෙ. හැබැයි ඔයා ආඩුඊනෝ වලට අලුත් කෙනෙක් නම් මේ වගේ දෙයක් එක පාර පටන් ගන්න එපා. ඉස්සෙල්ල ආඩුඊනෝ ගැන ඉගෙන ගෙන ඉන්න එක හොදයි. හැබැයි ඉතිං මේ post එක දිගට කියෙව්ව කියල පාඩුවක් වෙන එකක් නම් නැහැ. 😀</p>
<p><iframe width="750" height="422" src="https://www.youtube.com/embed/q0wFkCqkr1c?feature=oembed" frameborder="0" allow="autoplay; encrypted-media" allowfullscreen></iframe></p>
<p>මේ cube එකයි, circuit එකයි දෙකටම මට (ආඩුඊනේ board එකට අමතරව) රු. 2500/= ක් වගේ තමයි වියදම් උනේ. මේ තියෙන්නෙ මේකට ඕනෙ කරන දේවල් සහ ඒවට ගියපු වියදම.</p>
<h4><strong>price list</strong></h4>
<p>LED 1000 = 1200</p>
<p>ribbon Wire (4m) = 75*4 = 300</p>
<p>74HC595 ic + base 9 = 20*9 + 5*9 = 225</p>
<p>220Ω Resistor 70 = 50</p>
<p>PN2222 16 = 140</p>
<p>Dot board = 300</p>
<h4><strong>LED cube එක වැඩ කරන්නෙ කොහොමද?</strong></h4>
<p>මේ project එක ප්‍රධානම වශයෙන් කොටස් 3ක් තියෙනව. එ් තමයි LED cube එක, controller circuit එක සහ ආඩුඊනෝ එක(uno එකක් හොඳටම ඇති). controller circuit එක හරහා තමයි අපි cube එකට current එක දෙන්නෙ. ඉස්සෙල්ලම අපි බලමු cube එක ගැන ටිකක්. ඊට පස්සෙ කියන්නම් circuit එක වැඩකරන හැටි. අපි හදන්න යන්නෙ 8x8x8 led cube එකක්. ඒ කියන්නෙ led <strong>512</strong> ක්!</p>
<p>මේ cube එකේ අපිට ඕනෑම LED එකක් වෙන වෙනම පත්තු කිරීමේ හැකියාව තියෙන්න ඕනෙ. නිකං හිතුවොත් මේ 512 න් එක led එකක් ගානෙ වෙන වෙනම පත්තු කරන්න අපිට ආඩුඊනෝ එකේ pin 512 ක් ඕනෙ කරනව. එහෙම නේද? හැබැයි ඔයාල දන්නව Uno එකේ analog  pin එක්ක ගත්තත් pin 20 ක් විතර තමයි තියෙන්නෙ. ඉතිං කොහොමද මේ 512 ට අපි current එක දෙන්නෙ?</p>
<p>මේක කරන්න පුළුවන් PoV effect එක පාවිච්චි කරල. PoV කියන්නෙ persistence of vision කියන එක. ඒක හරියට මේ වගේ දෙයක්. නිවි නිවි පත්තු වෙන LED එකක් හිතන්නකො. මේ LED එකේ, නිවි නිවි පත්තු වෙන වේගය ටික ටික වැඩි කරනව.  එක්තරා වේගෙකට ආවම අපිට ඒක පේන්න ගන්නව හරියට පත්තුවෙලාම තියෙනව වගේ. ඒ වගේම දෙයක් මෙතනදිත් අපිට කරන්න පුළුවන්. ඒ මෙහෙමයි.</p>
<p>මේක 8x8x8 cube  එකක් නිසා ඒකේ තිරස් layer 8 ක් තියෙනවනෙ. මේ එක් එක් layer එකේ තියන LED වල cathode (ඍණ අග්‍ර) ටික එකට connect කරනව. එතකොට,  ඒ layer එකේ ඔක්කොටම LED වලට තියෙන්නෙ තනි, පොදු cathode එකක්. එතකොට එක layer එකට එක ගානෙ cathode 8 ක් තියෙනව. ඒ වගේම මේකෙ සිරස් අතට තියෙන LED වල(column වල) anode (ධන අග්‍ර) ටික එකට connect කරනව. රූපය බලන්නකො.</p>
<div><img class="size-medium wp-image-439 alignnone" src="/wp-content/uploads/2018/03/anodes-300x271.jpg" alt="" width="300" height="271" srcset="/wp-content/uploads/2018/03/anodes-300x271.jpg 300w, /wp-content/uploads/2018/03/anodes-768x694.jpg 768w, /wp-content/uploads/2018/03/anodes-1024x925.jpg 1024w" sizes="(max-width: 300px) 100vw, 300px" /> <img class="size-medium wp-image-440 alignnone" src="/wp-content/uploads/2018/03/cathodes-300x269.jpg" alt="" width="300" height="269" srcset="/wp-content/uploads/2018/03/cathodes-300x269.jpg 300w, /wp-content/uploads/2018/03/cathodes-768x689.jpg 768w, /wp-content/uploads/2018/03/cathodes-1024x919.jpg 1024w" sizes="(max-width: 300px) 100vw, 300px" /></div>
<p>එතකොට අපිට anode 64 ක් තියෙනව. දැන් ඔක්කොම pin 72 යි. 512  =&gt; 72 ට අඩු උනා. දැන් ඔයාලට හිතෙයි 72 ත් වැඩිය නේද කියල. මොකද ආඩුඊනෝ board එකේ pin 72ක් නැති නිසා. ඇත්තටම ඒක ප්‍රෂ්නයක් නෙවෙයි. මොකද මේ pin 72ට current එක දෙන්න වෙන ක්‍රමයක් තියෙනව. ඒක පස්සෙ කියන්නම්. ඊට කළින් අර PoV සීන් එක මෙතෙන්ට ආදාල වෙන විදිය කියල ඉන්න ඔනෙ.</p>
<p>දැන් මෙහෙමයි. Cathode 8 ක් තියෙනවනෙ. ඒ එක එක cathode එක on කරාම ඒ on වෙන layer එකේ තියෙන LED විතරයි පත්තුවෙන්නෙ. හරි දැන් යටම ලේයර් එකට අදාල cathode එක on කරනව. ඒත් එක්කම ඒ layer එකේ පත්තු වෙන්න ඕන LED වලට current එක අර anode 64ට දෙනව. දැන් ඒ cathode එක off කරල ඊට උඩින් තියෙන cathode එක on කරනව. ඒත් එක්කම ඒ layer එකේ පත්තු වෙන්න ඕනෙ LED වලට current එක anode 64ට දෙනව. ඊළඟට ඊට උඩින් තියෙන layer එකේ cathode එක&#8230; මේ විදියට උඩම layer එකට එනකම් එනව. ආපහු යටම layer එක. මේක චක්‍රයක් විදියට දිගටම වෙනව. ඉතාම වේගයෙන්. එතකොට  අපිට පේන්නෙ හරියට මුළු cube එකම එක පාර පත්තු වෙලා තියෙනව වගේ. ඒත් අැත්තටම වෙන්නෙ එක මොහොතකට එක ලේයර් එක ගානෙ render වෙන එක. ඔයාල දන්නව ඇති TV / Monitor / screen වලත් ඇත්තටම වෙන්නෙ මේ වගේම වැඩක්.</p>
<p>මේ වීඩියෝ එක බලන්නකො. මේකෙ ඒක ඉතා පැහැදිලිව පෙන්නල තියෙනව.</p>
<p><iframe width="750" height="422" src="https://www.youtube.com/embed/ECl0XgiVDrI?feature=oembed" frameborder="0" allow="autoplay; encrypted-media" allowfullscreen></iframe></p>
<p>මේ ටික තේරෙන්න ඇති කියල හිතෙනව. දැන් බලමු අර pin 72ට ආඩුඊනෝ එකෙන් current එක දෙන විදිය. මේකට තමයි controller circuit එකක් පාවිච්චි කරන්නෙ. ඒකෙන් කරන්නෙ serial එන bit 72ක් parallel කරන එක. මේ circuit එක පාවිචිචි කරාම ආඩුඊනෝ එකෙන් LED cube එක පත්තු කරන්න ඕනෙ වෙන්නෙ ඔක්කොම pin පහයි!</p>
<h4><strong>controller circuit එකෙන් මොකද්ද වෙන්නෙ?</strong></h4>
<p>මේ circuit එකේ තියෙන ප්‍රධානම දේ තමයි IC ටික. මෙතනදි පාවිච්චි කරන්නෙ <strong>74HC595</strong> කියන IC එක. මේවට කියන්නෙ <strong>shifting register</strong> කියල. ඔයා shifting register එක්ක කලින් වැඩකරල නැත්තම් අනිවාර්යෙන්ම <a href="https://www.arduino.cc/en/Tutorial/ShiftOut">මේකත්</a> බලන්න. මේ IC එකෙන් තමයි serial to parallel conversion එක වෙන්නෙ. IC එකේ pin 16 ක් තියෙනව. පහළ රූපයෙ තියෙන්නෙ 74HC595 IC එකක්.</p>
<p><img class="alignnone wp-image-441" src="/wp-content/uploads/2018/03/229-2-300x300.jpg" alt="shifting register" width="189" height="189" srcset="/wp-content/uploads/2018/03/229-2-300x300.jpg 300w, /wp-content/uploads/2018/03/229-2-150x150.jpg 150w, /wp-content/uploads/2018/03/229-2.jpg 600w" sizes="(max-width: 189px) 100vw, 189px" />        <img class="alignnone wp-image-453" src="/wp-content/uploads/2018/03/Pinout_1-300x177.png" alt="74HC595 shifting register pin details" width="422" height="249" srcset="/wp-content/uploads/2018/03/Pinout_1-300x177.png 300w, /wp-content/uploads/2018/03/Pinout_1.png 594w" sizes="(max-width: 422px) 100vw, 422px" /></p>
<p>මේ IC එක ON වෙන්න නම් 8, 13 කියන pin වලට ground (0V) සහ 10, 16 කියන pin වලට 5V දෙන්න ඕනෙ.</p>
<p>ඊළඟට ‍‍මේකට DATA එවන්න තව pin 3 ක් ඕනෙ කරනව. ඒව තමයි 14, 11, 12 කියන pin. මේවයින් 14 තමයි IC එකට DATA දෙන්නෙ. 11 කියන්නෙ clock pin එක. ඔව්, මේ IC එක වැඩ කරන්න clock එකක් ඕනෙ. ඒක අපිට ආඩුඊනෝ එකෙන් ගන්න පුළුවන්. 12 කියන්නෙ latch pin එක. ඒකෙන් කරන්නෙ, 14 pin එකෙන් එවන DATA ටික shift වෙලා ඉවර උනාම store කරන්න කියල signal එක දෙන එක.</p>
<p>IC එකේ 15, 1, 2, 3, 4, 5, 6, 7 කියන pin වලින් තමයි parallel data එක එළියට එන්නෙ. එක byte  එකක් (bit 8 ක්) 14 වෙනි pin එකට දුන්නම ඒක ඔය pin 8 ට බෙදෙනව. ඒත් අපේ LED cube එකේ pin 72 ක් තියෙනවනෙ. ඒක නිසා එක IC එකකින් මේක කරන්න බෑ. IC 9 ක් එකට connect කරන්න වෙනව. ඒ connect කරන්නෙ IC එකේ 9 වෙනි pin එකෙන්. ඒ pin එකෙන් වෙන්නෙ මේකයි.</p>
<p>අපි input එක විදියට bit 8 කට වඩා දුන්නෙත් (අපි ගමු 10 ක් කියල), ඒ වැඩිපුර එන bits ටික ආපහු එළියට දෙනව (අවසාන bit 8, IC එකේ ඉතුරු වෙද්දි මුලින් ආපු bit 2 ආපහු එළියට දෙනව). ඒ නිසා පලවෙනි IC එකේ 9 වෙනි pin එක දෙවනි IC එකේ 14 වෙනි pin එකට connect කරාම වැඩිපුර එවන bits ටික දෙවනි IC එකට input එකක් වෙනව. ‍මෙහෙම IC 9 ම connect කරන්න ඕනෙ. දැන් පලවෙනි IC එකට byte 9 ක් දෙනව. එතකොට ඒක IC 9 හරහා shift වෙවී ඇවිත් bit 72 ට වෙන් වෙනව.</p>
<p>pin 72 ක් කිව්වට මෙයින් 8ක් cathode කියල ඔයාලට මතකයිනෙ. cathode වලට current එක දීල හරියන්නෙ නෑනෙ. ඒව Ground එකට connect කරන්න ඕනෙනෙ. හැබැයි ඒව no/off කරන්න ක්‍රමයක් තියෙන්නත් ඕනෙ. ඒකට තමයි PN2222 transistor ඕනෙ වෙන්නෙ. cathode 8ම transistor හරහා GND එකට connect කරනව. ඔයාලට පේනව ඇති, anode 64 කින් එන current එක GND වෙන්න තියෙන්නෙ එක cathode එකයි. අර 64 න්ම එන current එක ඔය cathode එකෙන් තමයි යන්නෙ. ඒ නිසා අපිට එක transistor එකක් මදි වෙනව මේ වැඩේට. (පිච්චෙන්න පුළුවන්) ඒ නිසා transistor 2 ක් parallel කරන්න වෙනව. controller circuit එකෙන් වෙන වැඩේ පැහැදිලි වෙන්න ඇති කියල හිතනව.</p>
<p>ඔය කිව්වෙ මේක‍ෙ theory පැත්ත. ඒ ටික තේරෙන්න ඇති කියල හිතනව. තේරෙන්නෙ නැත්තම් ආපහු පාරක් කියවල බලන්න. ඒත් තේරෙන්නෙ නැත්තම් පහලින් comment එකක් දාන්න.</p>
<p>හරි දැන් බලමු මේක හදන්නෙ කොහොමද කියල.</p>
<p><span style="color: #008000;"><b style="color: #008000;">LED cube එකේ circuit diagram එක සහ අාඩුඊනෝ </b><span style="color: #008000;"><b>program</b></span><b style="color: #008000;"> එක </b><span style="color: #ff0000;"><a style="color: #ff0000; font-weight: bold;" href="https://github.com/VectStudio/LED_CUBE/blob/master/CUBE-SCHEMATIC.pdf">මේ link එකෙන්</a></span><b style="color: #008000;"> ගිහින් ගන්න පුළුවන්. </b></span>මේක මගේ එකක් නෙවෙයි. ඒ උනාට අපේ වැඩේට හරියටම ගැලපෙනව.</p>
<h4><strong>LED තෝරගන්නෙ කොහෙමද?</strong></h4>
<p>අමාරු වැඩකට කියල තියෙන්නෙ cube එක හදන එක තමයි. මුල ඉදන්ම හොදට හිතල පිලිවලකට කරාම හරි. ඉස්සෙල්ලම කියන්නම් LED ගැන. ඔයා කැමති පාටක LED පාවිච්චි කරන්න පුලුවන් මේකට. මම ගත්තෙ නිල් පාට මිලි මීටර් 3 diffused LED (විනිවිද නොපෙනෙන led ). මිලි මීටර් 3 (පොඩි) නිසා ඔක්කොම bulb ටික ලස්සනට පේනව. ලොකු LED පාවිච්චි කරොත් ඇතුලෙ තියෙන LED පැහැදිලිව පේන එකක් නෑ. diffused LED වගේ නෙවෙයි, clear LED වල එළිය වැඩිහරියක් පිටවෙන්නෙ bulb එකේ උඩ පැත්තෙන්. diffused LED එහෙම නැහැ. හැම පැත්තෙන්ම එක සමානව වගේ එළිය පිටවෙනව. ඒ නිසා නිසා cube එක පැත්තෙන් බැලුවමත් පත්තුවෙනව පැහැදිලිව බලාගන්න පුලූවන්. මම මේ LED ගත්තෙ Ebay එකෙන් 1000 lot එකක් විදියට. මොකද spare ත් ඕනෙ වෙනවනෙ. $8 ක් විතර උනේ. ඊට අඩුවෙන් හොයා ගන්න බැරිවෙන එකක් නෑ (ලංකාවෙන් උනත්).</p>
<h4><strong>Soldering template එකක් හදා ගනිමු.</strong></h4>
<p>LED cube එක හදන්න වෙනම කම්බි ඕන වෙන්නෙ නැති තරම්. මොකද, LED එකේ අග්‍ර ම ඒකට භාවිතා කරන්න පුළුවන්. අපි ඉස්සෙල්ලම මේ cube එකේ layer 8 වෙන වෙනම හදාගන්න ඕනෙ. ඊළඟට ඒ 8 එකතු කරන එක තමයි තියෙන්නෙ. හැම layer එකම එක වගේ තියෙන්න ඕනෙ. එහෙම නැති උනොත් ඒව එකට එකතු කරන්න ගියාම ප්‍රශ්නයක් වෙනව. ඒ නිසා මේකට අච්චුවක් හදාගන්න එක හොඳයි. මේ තියෙන්නෙ මම පාවිච්චි කරපු එක.</p>
<div id="attachment_446" style="width: 372px" class="wp-caption aligncenter"><img aria-describedby="caption-attachment-446" class=" wp-image-446" src="/wp-content/uploads/2018/03/soldering-template-300x247.jpg" alt="soldering template" width="362" height="298" srcset="/wp-content/uploads/2018/03/soldering-template-300x247.jpg 300w, /wp-content/uploads/2018/03/soldering-template-768x631.jpg 768w, /wp-content/uploads/2018/03/soldering-template-1024x841.jpg 1024w" sizes="(max-width: 362px) 100vw, 362px" /><p id="caption-attachment-446" class="wp-caption-text">soldering template</p></div>
<p>ලෑලි කෑල්ලක් අරගෙන සිදුරු ටිකක් විද ගත්තම හරි. හැබැයි මෙතනදි වැදගත් දේවල් කීපයක් තියෙනව. ප්‍රධානම දේතමයි මේ සිදුරු අතර පරතරය. ඒක මත cube එකේ size එකත් රඳා පවතිනව. අපි layer එක හදද්දි LED එකේ ඍණ අග්‍ර ටික මේ විදියට නවල පාස්සන එක තමයි කරන්නෙ (පහල රූපය බලන්න).</p>
<p><img class="wp-image-444 aligncenter" src="/wp-content/uploads/2018/03/led-in-template-300x225.jpg" alt="led in template" width="412" height="309" srcset="/wp-content/uploads/2018/03/led-in-template-300x225.jpg 300w, /wp-content/uploads/2018/03/led-in-template-768x576.jpg 768w, /wp-content/uploads/2018/03/led-in-template-1024x768.jpg 1024w" sizes="(max-width: 412px) 100vw, 412px" /></p>
<p>LED ටික සිදුරු වලට දැම්මම මෙන්න මේ වගේ තමයි තියෙන්න ඕනෙ. ඒ පරතරය ගන්න විදිය ගැන අදහසක් එන්න ඇති කියල හිතනව.</p>
<p><img class=" wp-image-445 aligncenter" src="/wp-content/uploads/2018/03/leds-in-template-300x225.jpg" alt="LEDs in template" width="477" height="358" srcset="/wp-content/uploads/2018/03/leds-in-template-300x225.jpg 300w, /wp-content/uploads/2018/03/leds-in-template-768x576.jpg 768w, /wp-content/uploads/2018/03/leds-in-template-1024x768.jpg 1024w" sizes="(max-width: 477px) 100vw, 477px" /></p>
<p>සිදුරු විදින්න ලේසි වෙන්න ලෑල්ලෙ කොටු ටික ඇඳගන්න.</p>
<p>අඳිද්දි ඒ ඔක්කොම කොටු එක සමානව අඳින්න වග බලාගන්න. ඒක ඉතා වැදගත්. දැන් මේ රේඛා ඡේදනය වෙන තැන් ටිකේ සිදුරු විද්දම හරි. සිදුරු විදින්න drill එකක් පාවිච්චි කරන්න. සිදුරු වල size එකත් වැදගත්. LED එක සිදුරට දැම්මම ඕනවට වැඩිය බුරුල් නොවෙන්නත්, තද නොවෙන්නත් තියෙන්න ඕන. ඒනිසා drill එකේ කටුව හරියට තෝරගන්න.</p>
<p>සිදුරු ටිකත් විද ගත්ත නම් දැන් තියෙන්නෙ LED ටික පාස්සල layer එක හදන්න. හැබැයි  ඊට කලින් පාවිච්චි කරන සේරම LED ටික අනිවාර්යයෙන්ම test කරල ඉන්න. මොකද, cube එක හදල ඉවර උනාට පස්සෙ පත්තු නොවන LED තිබ්බොත් ඒව මාරු කරන එක සෑහෙන්න අමාරු වැඩක් නිසා.</p>
<p>test කරල ඉවරනම් දැන් පුළුවන් layer එක හදන්න.</p>
<p>ඉස්සෙල්ලම bulb වල ඍණ අග්‍රය අංශක 90 කින් නවා ගන්න ඕනෙ. මේ වගේ.</p>
<p><img class="size-medium wp-image-447 aligncenter" src="/wp-content/uploads/2018/03/bent-cathod-300x225.jpg" alt="bent cathode" width="300" height="225" srcset="/wp-content/uploads/2018/03/bent-cathod-300x225.jpg 300w, /wp-content/uploads/2018/03/bent-cathod-768x576.jpg 768w, /wp-content/uploads/2018/03/bent-cathod-1024x768.jpg 1024w" sizes="(max-width: 300px) 100vw, 300px" /></p>
<p>ඊළඟට පේළියෙන් පේළිය bulb ටික පාස්සගෙන එන්න. පාස්සද්දි බවුත් එකේ තුඩ හැම තිස්සෙම පිරිසිදුව තියාගන්න. පුළුවන් තරම් ඉක්මණට පාස්සල ඉවරකරන්න. මොකද ගොඩක්වෙලා බවුත් එක තියාගෙන හිටියොත් bulb එක පිච්චෙන්න පුළුවන්. මෙන්න මේ වගේ LED වල ඍණ අග්‍ර ටික connect කරන්න ඕනෙ. රතු පාටින් පෙන්නල තියෙන්නෙ හරස් අතට තියෙන කම්බි. එයින් 3 ක් තියෙනව. ඒකට මොනව හරි සිහින් කම්බියක් අරගන්න.<img class="wp-image-456 aligncenter" src="/wp-content/uploads/2018/03/soldering-layout-300x169.jpg" alt="layer layout" width="462" height="260" srcset="/wp-content/uploads/2018/03/soldering-layout-300x169.jpg 300w, /wp-content/uploads/2018/03/soldering-layout-768x432.jpg 768w, /wp-content/uploads/2018/03/soldering-layout-1024x576.jpg 1024w, /wp-content/uploads/2018/03/soldering-layout.jpg 1366w" sizes="(max-width: 462px) 100vw, 462px" /></p>
<p>LED පාස්සද්දි අතපසුවීමකින් යම් වැරදීමක් උනොත්, එවලේම ඒ LED එක ආපහු පාස්සන්න යන්න එපා. එහෙම උනොත් ඒ LED එක (රත්වෙලා වැඩිවෙලා) පිච්චෙන්න පුලුවන්. ඒ නිසා ඒක එහෙමම තියෙද්දි ඊළඟ ඒව පාස්සල ඉවර කරන්න. (LED එක ටිකක් නිවුනම) ඔයාට පුළුවන් අර වැරදීම උන LED එක නැවත පාස්සන්න.</p>
<p>හැම layer එකක් අවසානයේදීම අපහු වතාවක් LED ටික check කරල බලන්න හැම එකක්ම පත්තු වෙනවද කියල. සමහර විට එකක් දෙකක් පිච්චිල තියෙන්න පුළුවන්. එහෙම උනොත් ඒව මරු කරල අාපහු check කරන්න. අනිවාර්යයෙන්ම හැම LED එකක්ම පත්තු වෙන්න ඕනෙ. මොකද cube එක හදල ඉවර උනාට පස්සෙ ඒව මාරුකරන්න බැරි නිසා.</p>
<p>මේ විදියට සේරම LED පෑස්සුවට පස්සෙ, අච්චුවෙන් ගලවන්න කලින් තව දෙයක් කරන්න තියෙනව. ඒ LED වල ධන අග්‍ර ටික කෙලින් තියෙන විදියට හදන එක. අච්චුවත් (ලෑල්ල) එක්ක අංශක 90 ක් තියෙන විදිටය ධන අග්‍ර ටික තියෙන්න ඕනෙ. නැත්තම් cube එක ඇදවෙන්න පුලුවන්. ඊළඟට ඒ ධන අග්‍රවල කෙලවරේ ඉඳල 3mm විතර කොටසක් මේ රූපයෙ තියෙන විදියට චුට්ටක් නවන්න ඕනෙ. එහෙම කරන්නෙ layer එකට එකතු කරද්දි ලේසි වෙන්න.</p>
<p><img class=" wp-image-442 aligncenter" src="/wp-content/uploads/2018/03/bent-anodes-300x214.jpg" alt="" width="370" height="264" srcset="/wp-content/uploads/2018/03/bent-anodes-300x214.jpg 300w, /wp-content/uploads/2018/03/bent-anodes-768x547.jpg 768w, /wp-content/uploads/2018/03/bent-anodes.jpg 1024w" sizes="(max-width: 370px) 100vw, 370px" /></p>
<h4><strong>‍layer ටික එකට එකතු කරමු</strong></h4>
<p>දැන් තමයි අමාරුම කොටස තියෙන්නෙ. හදා ගත්තු layer 8 එකට එකතු කරල cube එකක් හදන එක. පළවෙනි layer 2 තමයි ඒකෙනුත් අමාරුම වෙන්නෙ. පළවෙනි layer එක කලින් පාවිච්චි කරපු template එකට දාගත්තම වැඩේ ලේසි වෙයි. layer දෙක අතර පරතරය තියා ගන්න මොනව හරි අධාරක 4 ක් layer දෙක අතර කොන් 4ට තියන්න. මේ වගේ.</p>
<p><img class=" wp-image-463 aligncenter" src="/wp-content/uploads/2018/04/F9VCTZLGI0TMGLQ.LARGE_-300x225.jpg" alt="ආධාරක" width="365" height="274" srcset="/wp-content/uploads/2018/04/F9VCTZLGI0TMGLQ.LARGE_-300x225.jpg 300w, /wp-content/uploads/2018/04/F9VCTZLGI0TMGLQ.LARGE_-768x576.jpg 768w, /wp-content/uploads/2018/04/F9VCTZLGI0TMGLQ.LARGE_.jpg 1024w" sizes="(max-width: 365px) 100vw, 365px" /></p>
<p>layer දෙකේ LED, හරියටම එක උඩ එක තියෙන විදියට adjust කරන්න.</p>
<p>ඉස්සෙල්ලම කොන් 4  LED ටික පාස්සල ඉන්න. (යට layer එකේ LED වල anode, ඊට උඩ layer එකේ LED වල anode වලට පාස්සන්න.) ඊළඟට වටේ තියෙන LED ටික ඔක්කොම පාස්සන්න. (පාස්සද්දි LED එක පෙලට පාස්සගෙන යන්න එපා. එකක් ඇර එකක් වගේ පාස්සන්න. ඒ ටික නිවුනම ඉතිරි ටික පාස්සන්න. නැත්තම් LED පිච්චෙන්න පුළුවන්.) ඊළඟට මැද තියෙන ඒව පාස්සන්න.</p>
<p>සේරම ටික පාස්සල ඉවර උනාට පස්සෙ ආපහු සැරයක් LED ටික check කරල බලන්න. පිච්චුන LED තියෙනම් අනිවාර්යෙන්ම මාරු කරන්න. check කරද්දි හැම layer එකේම cathode ටික ground කරල, උඩම layer එකේ තියෙන anode වලට (+) current එකක් දෙන්න. එතකොට ඒ column එකේ තියෙන සේරම LED ටික පත්තුවෙන්න ඕනෙ. පත්තුවෙන්නෙ නැති LED තියෙනම් ඒව එක්කො පාස්සන්න අමතකවුන ඒව වෙන්න පුළුවන්, නැත්තම් පිච්චිල වෙන්න පුල්වන්. ඒව බලල හදන්න.</p>
<h4><strong>controller circuit</strong></h4>
<p>මේ වෙනකන් වැඩ ටික හරියට කරානම් දැන් ඔයාට LED cube එකක් තියෙනව. මේකට අවශ්‍ය circuit එක හදාගන්න එක විතරයි තියෙන්නෙ. circuit diagram එක උඩ දීල තියෙනවනෙ. නැත්තම් <a href="https://github.com/VectStudio/LED_CUBE/blob/master/CUBE-SCHEMATIC.pdf">මෙතනිනුත්</a> බලාගන්න පුළුවන්. ඒක බලාගෙන හදාගන්න තමයි තියෙන්නෙ. මේකට dot board එකක් පාවිච්චි කරාම ලේසියි. ඔයාගෙ dot board එකේ ලේසි විදියකට IC ටික place කර ගන්න. IC base පාවිච්චි කරාම IC පිච්චෙන්න තියෙන අවදානමත් නැතිවෙනව. මගේ circuit එක තමයි මේ පහල තියෙන්නෙ.</p>
<p><img class="alignnone size-medium wp-image-448" src="/wp-content/uploads/2018/03/circuit-front-225x300.jpg" alt="controller circuit" width="225" height="300" srcset="/wp-content/uploads/2018/03/circuit-front-225x300.jpg 225w, /wp-content/uploads/2018/03/circuit-front-768x1024.jpg 768w" sizes="(max-width: 225px) 100vw, 225px" />            <img class="alignnone size-medium wp-image-443" src="/wp-content/uploads/2018/03/circuit-back-225x300.jpg" alt="controller circuit back" width="225" height="300" srcset="/wp-content/uploads/2018/03/circuit-back-225x300.jpg 225w, /wp-content/uploads/2018/03/circuit-back-768x1024.jpg 768w" sizes="(max-width: 225px) 100vw, 225px" /></p>
<h4><strong>වැඩ අවසන් කරමු.</strong></h4>
<p>cube එකේ පාදම විදියට ඝනකම් කාඩ් බෝඩ් ( හාඩ් බෝඩ් එකක් නම් වැඩිය හොඳයි) එකක් පාවිච්චි කරන්න පුළුවන්. ඒකෙ මේ විදිටය සිදුරු 72 ක් විදල anode  ටික එළියට ගන්න ඕනෙ.</p>
<p><img class="wp-image-511 aligncenter" src="/wp-content/uploads/2018/04/FD4UR9RGI0TK2M6.LARGE_-300x242.jpg" alt="base of LED cube" width="368" height="297" srcset="/wp-content/uploads/2018/04/FD4UR9RGI0TK2M6.LARGE_-300x242.jpg 300w, /wp-content/uploads/2018/04/FD4UR9RGI0TK2M6.LARGE_-768x620.jpg 768w, /wp-content/uploads/2018/04/FD4UR9RGI0TK2M6.LARGE_.jpg 1024w" sizes="(max-width: 368px) 100vw, 368px" /></p>
<p>cathode ටිකත් ඔය රතු පාට සිදුරු වලින් ගන්න ඕනෙ. ඒකට මේ රූපයෙ තියෙන විදියෙ කෙලවර අංශක 90ට නවපු කම්බි 7 ක් හදාගන්න. දැන් ඒවයි නැමුනු කෙලවරවල් වෙන වෙනම උඩ layer 7ට තියල පාස්සන්න. අනිත් කෙලවරවල් අර සිදුරු 7න් එළියට ගන්න. (යටම  layer එකට නම් නවපු එකක්  ඕන නෑ).</p>
<p><img class="wp-image-449 alignnone" src="/wp-content/uploads/2018/03/bent-wire-225x300.jpg" alt="strait wire" width="210" height="280" srcset="/wp-content/uploads/2018/03/bent-wire-225x300.jpg 225w, /wp-content/uploads/2018/03/bent-wire-768x1024.jpg 768w" sizes="(max-width: 210px) 100vw, 210px" />      <img class="alignnone wp-image-512" src="/wp-content/uploads/2018/04/FKN0CRXGICYB3SX.LARGE_-300x225.jpg" alt="cathode connections" width="413" height="310" srcset="/wp-content/uploads/2018/04/FKN0CRXGICYB3SX.LARGE_-300x225.jpg 300w, /wp-content/uploads/2018/04/FKN0CRXGICYB3SX.LARGE_-768x576.jpg 768w, /wp-content/uploads/2018/04/FKN0CRXGICYB3SX.LARGE_.jpg 1024w" sizes="(max-width: 413px) 100vw, 413px" /></p>
<p>දැන් LED cube එකේ වැඩ බොහෝ දුරට ඉවරයි. circuit එකයි cube එකයි connect කරන්න තමයි තියෙන්නෙ. මම ඒකට පාවිච්චි කරේ 8-wire ribbon cable එකක්. ඒව පාස්සද්දි මාරු වෙන්නෙ නැතුව හරියට පාස්සන්න.</p>
<p><img class="alignnone size-medium wp-image-451" src="/wp-content/uploads/2018/03/ribbon-cables-300x225.jpg" alt="ribbon cables" width="300" height="225" srcset="/wp-content/uploads/2018/03/ribbon-cables-300x225.jpg 300w, /wp-content/uploads/2018/03/ribbon-cables-768x576.jpg 768w, /wp-content/uploads/2018/03/ribbon-cables-1024x768.jpg 1024w" sizes="(max-width: 300px) 100vw, 300px" />          <img class="alignnone size-medium wp-image-452" src="/wp-content/uploads/2018/03/ribbon-cables-connected-to-circuit-300x225.jpg" alt="ribbon cables" width="300" height="225" srcset="/wp-content/uploads/2018/03/ribbon-cables-connected-to-circuit-300x225.jpg 300w, /wp-content/uploads/2018/03/ribbon-cables-connected-to-circuit-768x576.jpg 768w, /wp-content/uploads/2018/03/ribbon-cables-connected-to-circuit-1024x768.jpg 1024w" sizes="(max-width: 300px) 100vw, 300px" /></p>
<p>දැන් තියෙන්නෙ ආඩුඊනෝ එක  connect කරන්න. ඔයාගෙ ආඩුඊනෝ එකේ තියෙන ICSP කියල තියෙන pin ටිකත් අපිට පාවිච්චි කරන්න පුළුවන්. circuit එකේ තියෙන පළවෙනි IC එකේ 8, 11, 12, 14, 16 කියන pin ටික පහළ තියෙන විදියට connect කරන්න.</p>
<p><img class="wp-image-450 aligncenter" src="/wp-content/uploads/2018/03/arduino-wiring-300x152.jpg" alt="wiring" width="443" height="224" srcset="/wp-content/uploads/2018/03/arduino-wiring-300x152.jpg 300w, /wp-content/uploads/2018/03/arduino-wiring-768x390.jpg 768w, /wp-content/uploads/2018/03/arduino-wiring-1024x520.jpg 1024w" sizes="(max-width: 443px) 100vw, 443px" /></p>
<p style="text-align: center;">IC 8 -&gt; arduino ICSP 2 (GND)<br />
IC 11 -&gt; arduino ICSP 3 (clock)<br />
IC 12 -&gt; arduino digital 10 (latch pin)<br />
IC 14 -&gt; arduino ICSP 4 (MISO)<br />
IC 16 -&gt; arduino ICSP 6 (Vcc)</p>
<p>උඩ දීල තියෙන (<a href="https://github.com/VectStudio/LED_CUBE/tree/master/CUBE">මෙතනිනුත්</a> යන්න පුළුවන්) sketch එක ආඩුඊනෝ එකට upload කරන්න. මේ code එක edit කරල ඔයාලට තව effects මේකට එකතු කරන්න පුළුවන්. try කරල බලන්න.</p>
<p>සේරම වැඩ ටික හරියට කරානම් LED cube එක පත්තුවෙන්න ඕනෙ! effects මාරු කරන්න නම්, ආඩුඊනෝ එකේ 8 pin එක ground pin එකට touch කරන්න. ඕන නම් ඒකට push button එකක් set කරගන්න.  🙂</p>
<p>හරි එහෙනම් අදට මෙතනින් නවතිනව. මේක කාට හරි උදව්වක් වෙන්න ඇති කියල හිතනව. ප්‍රශ්න මොනව හරි තියෙනම් comment එකක් දාන්න.</p>
<p>The post <a rel="nofollow" href="/index.php/2018/04/02/make-led-cube-with-arduino/">Make LED cube with Arduino  **  ආඩුඊනෝ වලින් LED cube එකක් හදමු.</a> appeared first on <a rel="nofollow" href="/">The SIGMA</a>.</p>
]]></content:encoded>
							<wfw:commentRss>/index.php/2018/04/02/make-led-cube-with-arduino/feed/</wfw:commentRss>
		<slash:comments>6</slash:comments>
							</item>
		<item>
		<title>රුබික්ස් කැටය විසඳමු How to solve Rubik&#8217;s cube</title>
		<link>/index.php/2018/03/21/how-to-solve-rubiks-cube/</link>
				<comments>/index.php/2018/03/21/how-to-solve-rubiks-cube/#respond</comments>
				<pubDate>Wed, 21 Mar 2018 14:21:03 +0000</pubDate>
		<dc:creator><![CDATA[Prasad Kavinda]]></dc:creator>
				<category><![CDATA[Entertainment]]></category>
		<category><![CDATA[magik cube]]></category>
		<category><![CDATA[rubik's cube]]></category>
		<category><![CDATA[sinhala]]></category>
		<category><![CDATA[solve]]></category>
		<category><![CDATA[tutorial]]></category>

		<guid isPermaLink="false">/?p=236</guid>
				<description><![CDATA[<p><span class="rt-reading-time" style="display: block;"><span class="rt-label">Reading Time: </span> <span class="rt-time">8</span> <span class="rt-label rt-postfix">minutes</span></span> හැමෝටම ආයුබෝවන්, අද මම කියන්න යන්නෙ රුබික්ස් කැටය (Rubik’s cube) ගැන. රුබික්ස් කැටය කිව්වම ගොඩක් අය දන්නව ඇති ඒ මොකක්ද කියල. අර පාට පාට, එක එක පැත්තට කරකවන්න පුළුවන් කැටේ. අන්න ඒකට තමයි රුබික්ස් කැටය කියන්නෙ. මැජික් කැටය කියලත් කියනව. මේ තියෙන්නෙ&#8230; ගොඩක් අය මේක හදන්න උත්සාහ කරල ඇති. සමහර<a class="moretag" href="/index.php/2018/03/21/how-to-solve-rubiks-cube/"> Read more&#8230;</a></p>
<p>The post <a rel="nofollow" href="/index.php/2018/03/21/how-to-solve-rubiks-cube/">රුබික්ස් කැටය විසඳමු How to solve Rubik&#8217;s cube</a> appeared first on <a rel="nofollow" href="/">The SIGMA</a>.</p>
]]></description>
								<content:encoded><![CDATA[<span class="rt-reading-time" style="display: block;"><span class="rt-label">Reading Time: </span> <span class="rt-time">8</span> <span class="rt-label rt-postfix">minutes</span></span><p>හැමෝටම ආයුබෝවන්, අද මම කියන්න යන්නෙ <strong>රුබික්ස් කැටය</strong> (Rubik’s cube) ගැන. රුබික්ස් කැටය කිව්වම ගොඩක් අය දන්නව ඇති ඒ මොකක්ද කියල. අර පාට පාට, එක එක පැත්තට කරකවන්න පුළුවන් කැටේ. අන්න ඒකට තමයි රුබික්ස් කැටය කියන්නෙ. මැජික් කැටය කියලත් කියනව. මේ තියෙන්නෙ&#8230;</p>
<p><img class="wp-image-201 aligncenter" style="text-align: center; font-style: italic; font-size: smaller; text-indent: 0; margin: 0.5em auto; padding: 0.5em;" src="/wp-content/uploads/2018/03/d-my-stuff-new-folder-2-rubiks_cube-svg-png-1.png" alt="Rubik's cube" width="195" height="203" srcset="/wp-content/uploads/2018/03/d-my-stuff-new-folder-2-rubiks_cube-svg-png-1.png 365w, /wp-content/uploads/2018/03/d-my-stuff-new-folder-2-rubiks_cube-svg-png-1-288x300.png 288w" sizes="(max-width: 195px) 100vw, 195px" /></p>
<p>ගොඩක් අය මේක හදන්න උත්සාහ කරල ඇති. සමහර අය නම් හදන්න දන්නව ඇති. ඒත් සමහරු නම් හදන්න තියා හිතන්නවත් බෑ කියල පැත්තකට විසි කරල දමන්න ඇති. ඉතින් එහෙම අයට මේක හදන්නෙ කොහොමද කියල තමයි අද මම කියල දෙන්න යන්නෙ. එච්චර අමාරු වැඩකුත් නෙමෙයි. හැබැයි ටිකක් පුරුදු වෙන්නත් ඕන.</p>
<p>හදන්නෙ කොහොමද කියල කියන්න කලින් මේක ගැන පොඩි හැදින්වීමක් කරල ඉන්නම්කො.</p>
<ul>
<li>රුබික්ස් කැටය මුලින්ම හදල තියෙන්නෙ 1970 දි විතර හන්ගේරියානු ජාතික අර්නෝ රුබික්ස් (Ernő Rubik) කියන මහත්තය. එයා වාස්තු විද්‍යාඥයෙක්.</li>
</ul>
<figure style="text-align: center; font-style: italic; font-size: smaller; text-indent: 0; margin: 0.5em auto; padding: 0.5em;"><img class="wp-image-203" src="/wp-content/uploads/2018/03/http-combiboilersleeds-com-images-erno-rubik-ern-1.jpeg" alt="erno rubik" width="470" height="263" srcset="/wp-content/uploads/2018/03/http-combiboilersleeds-com-images-erno-rubik-ern-1.jpeg 493w, /wp-content/uploads/2018/03/http-combiboilersleeds-com-images-erno-rubik-ern-1-300x169.jpeg 300w" sizes="(max-width: 470px) 100vw, 470px" /><figcaption>අර්නෝ රුබික්ස් (Ernő Rubik)</figcaption></figure>
<ul>
<li>මේ කැටය කවළම් කරාට පස්සෙ, තියෙන්න පුළුවන් ආකාර 43,252,003,274,489,856,000 ක් තියනව. 😯 මේ එක විදියකට එක කැටය ගානෙ කවළම් කරල තිව්වොත්, අපේ පෘථිවිය වටේ 275 වතාවක් ගොඩ ගහන්න පුළුවන්. හිතා ගන්න පුළුවන් නේද කොච්චර සංකීර්නද කියල.</li>
<li>ඒ වගේම මේ කැටය විසඳන්න පුළුවන් අවම කරකැවීම් ගණන 20 යි. ඒ කියන්නෙ කොච්චර කවලම්කරත්, ඒ ඕනෑම අවස්ථාවක් විසඳන්න අවශ්‍ය වෙන්නෙ කරකැවීම් 20ට අඩු ගණනක්.</li>
<li>දැනට මේක අඩුම කාලයකින් විසඳා ලෝක වාර්තාවට හිමිකම් කියන්නෙ ඕස්ට්‍රේලියානු ජාතික ෆිලික්ස් සෙම්ඩෙග්ස් (<a href="https://www.google.lk/url?sa=t&amp;rct=j&amp;q=&amp;esrc=s&amp;source=web&amp;cd=2&amp;cad=rja&amp;uact=8&amp;ved=0ahUKEwj-laTLo_PRAhUKpY8KHXENAd0QFggdMAE&amp;url=https%3A%2F%2Fruwix.com%2Ffeliks-zemdegs-rubiks-world-record-2016-4-73%2F&amp;usg=AFQjCNG5wIkgNhVAbSBpm6sEnEWbuE9OVQ&amp;sig2=GObzhEqdzo54tSS7JLj0bQ">Feliks Zemdegs</a>).</li>
</ul>
<div id="attachment_204" style="width: 465px" class="wp-caption aligncenter"><img aria-describedby="caption-attachment-204" class="wp-image-204" src="/wp-content/uploads/2018/03/image-result-for-feliks-zemdegs-1.jpeg" alt=" feliks zemdegs" width="455" height="253" srcset="/wp-content/uploads/2018/03/image-result-for-feliks-zemdegs-1.jpeg 620w, /wp-content/uploads/2018/03/image-result-for-feliks-zemdegs-1-300x167.jpeg 300w" sizes="(max-width: 455px) 100vw, 455px" /><p id="caption-attachment-204" class="wp-caption-text">ෆිලික්ස් සෙම්ඩෙග්ස් (Feliks Zemdegs)</p></div>
<p>ඒ වාර්තාව තමයි තත්පර <b>4.59 </b>. පට්ට නේද? මේ තියෙන්නෙ ඒ <a href="https://www.youtube.com/watch?v=R07JiT0PlcE">ලින්ක්</a> එක.</p>
<p><iframe width="750" height="422" src="https://www.youtube.com/embed/Sz67ipXnKNg?feature=oembed" frameborder="0" allow="autoplay; encrypted-media" allowfullscreen></iframe></p>
<p><strong>හරි අපි දැන් බලමු කොහොමද රුබික්ස් කැටය විසඳන්නෙ කියල. </strong></p>
<p>මේක විසඳන්න ක්‍රම කීපයක්ම තියනව. ඒ අතරින් ලේසිම, ජනප්‍රියම ක්‍රමයක් තමයි මම ඔයාලට කියල දෙන්නෙ.</p>
<p>මේ රුබික්ස් කැටයෙ පැති 6ක් තියනව. පාට 6ක් තියනව. පිටින් බැලුවම හරි හතරැස් ඝනකයක් උනාට ඇතුළ එහෙම නෑ. ඔයාල මේක ගලවල බැලුවනම් දකින්න ඇති ඇතුල මේ වගේ&#8230;</p>
<p><img class="wp-image-206 alignnone" src="/wp-content/uploads/2018/03/image-result-for-rubiks-cube-core-1.jpeg" alt="Image result for rubik's cube core" width="240" height="201" srcset="/wp-content/uploads/2018/03/image-result-for-rubiks-cube-core-1.jpeg 396w, /wp-content/uploads/2018/03/image-result-for-rubiks-cube-core-1-300x251.jpeg 300w" sizes="(max-width: 240px) 100vw, 240px" /> <img class="wp-image-208 alignleft" src="/wp-content/uploads/2018/03/image-result-for-rubiks-cube-inside-1.jpeg" alt="Image result for rubik's cube inside" width="197" height="197" srcset="/wp-content/uploads/2018/03/image-result-for-rubiks-cube-inside-1.jpeg 350w, /wp-content/uploads/2018/03/image-result-for-rubiks-cube-inside-1-150x150.jpeg 150w, /wp-content/uploads/2018/03/image-result-for-rubiks-cube-inside-1-300x300.jpeg 300w" sizes="(max-width: 197px) 100vw, 197px" /> <img class="wp-image-210 alignright" src="/wp-content/uploads/2018/03/image-result-for-moyu-aolong-1.jpeg" alt="Image result for moyu aolong" width="198" height="198" srcset="/wp-content/uploads/2018/03/image-result-for-moyu-aolong-1.jpeg 400w, /wp-content/uploads/2018/03/image-result-for-moyu-aolong-1-150x150.jpeg 150w, /wp-content/uploads/2018/03/image-result-for-moyu-aolong-1-300x300.jpeg 300w" sizes="(max-width: 198px) 100vw, 198px" /></p>
<p>ඔයාලට පේනව ඇති පොඩි කැට ගොඩක් එකතු කරල තමයි මේ තනි ලොකු කැටය හදල තියෙන්නෙ. මේ පොඩි කැට වර්ග 3 ක් තියනව.</p>
<ul>
<li>තනි පාට කැට (Center) 6 ක් තියෙනව. හැම පැත්තකම මැද තියෙන කැටයට තමයි Center කියන්නෙ.</li>
<li>පාට 3ක් තියන කැට (Corner) 8 තියෙනව. රුබික්ස් කැටයෙ කොන් 8 තියෙන කැට තමයි Corner කියන්නෙ.</li>
<li>පාට 2ක් තියන කැට (Edge) 12 තියෙනව. Corner 2ක් අතරෙ තියෙන, පාට 2 කැට වලට තමයි Edge කියන්නෙ.</li>
</ul>
<p><img class="wp-image-213 aligncenter" src="/wp-content/uploads/2018/03/d-my-stuff-new-folder-2-parts-jpg-1.jpeg" alt="D:\mY sTufF\New folder (2)\parts.jpg" width="538" height="312" srcset="/wp-content/uploads/2018/03/d-my-stuff-new-folder-2-parts-jpg-1.jpeg 676w, /wp-content/uploads/2018/03/d-my-stuff-new-folder-2-parts-jpg-1-300x174.jpeg 300w" sizes="(max-width: 538px) 100vw, 538px" /></p>
<p>ඊළඟට කියන්න තියෙන්නෙ ඉතා වැදගත් දෙයක්. මේක අංකනය කරන්නෙ කොහොමද කියල. ඒ කිව්වෙ මේකෙ පැති නම් කරන ආකාරය.</p>
<p>ඉස්සරහ පැත්ත &#8211; F</p>
<p>පිටුපස පැත්ත &#8211; B</p>
<p>දකුණු පැත්ත &#8211; R</p>
<p>වම් පැත්ත &#8211; L</p>
<p>උඩ පැත්ත &#8211; U</p>
<p>යට පැත්ත &#8211; D</p>
<p>පහල රූපයෙ තියෙන්නෙ රුබික්ස් කැටයෙ අංකනය තමයි.</p>
<p><img class="wp-image-214" src="/wp-content/uploads/2018/03/d-my-stuff-new-folder-2-new-folder-notation-png-1.png" alt="D:\mY sTufF\New folder (2)\New folder\notation.png" srcset="/wp-content/uploads/2018/03/d-my-stuff-new-folder-2-new-folder-notation-png-1.png 375w, /wp-content/uploads/2018/03/d-my-stuff-new-folder-2-new-folder-notation-png-1-300x233.png 300w" sizes="(max-width: 375px) 100vw, 375px" /></p>
<p>Front – F, Back – B, Right – R, Left – L, Up – U, Down – D</p>
<p><img class="wp-image-216 alignleft" src="/wp-content/uploads/2018/03/d-my-stuff-new-folder-2-new-folder-rubiks-cube-1-1.png" alt="D:\mY sTufF\New folder (2)\New folder\rubiks-cube-notation-up.png" width="226" height="202" srcset="/wp-content/uploads/2018/03/d-my-stuff-new-folder-2-new-folder-rubiks-cube-1-1.png 367w, /wp-content/uploads/2018/03/d-my-stuff-new-folder-2-new-folder-rubiks-cube-1-1-300x268.png 300w" sizes="(max-width: 226px) 100vw, 226px" /></p>
<p>මේ රූපයේ විදියට උඩ-Up පැත්ත දක්ෂිණාවර්තව අංශක 90 කරකැව්වම ඒක U කියල කියනව.</p>
<p>උඩ පැත්ත වාමාවර්තව අංශක 90 කරකැව්වොත් ඒක U’ කියල කියනව.</p>
<p>අංශක 180 කරකැව්වොත් U2 කියල කියනව.</p>
<p>අනිත් පැතිත් ඒ වගේ තමයි.</p>
<p>&nbsp;</p>
<p><img class="wp-image-217 aligncenter" src="/wp-content/uploads/2018/03/d-my-stuff-new-folder-2-new-folder-notation-all-1.png" alt="D:\mY sTufF\New folder (2)\New folder\notation all.png" srcset="/wp-content/uploads/2018/03/d-my-stuff-new-folder-2-new-folder-notation-all-1.png 652w, /wp-content/uploads/2018/03/d-my-stuff-new-folder-2-new-folder-notation-all-1-300x59.png 300w" sizes="(max-width: 652px) 100vw, 652px" /></p>
<p>මම කලින් කිව්ව වගේ මේකෙ පැති 6ට පාට 6 ක් තියනව. ඒත් මේක කවළම් කරාම, අපි කොහොමද එක එක පැත්තට අදාළ පාට මොකද්ද කියල දැනගන්නෙ? හරිම සරළයි. Center එකේ පාට තමයි ඒ පැත්තට අදාළ පාට.</p>
<p>හරි මූලික දේවල් සේරම කියල ඉවරයි. අපි දැන් කැටය හදන්න පටන් ගමු.</p>
<h4>1. වන පියවර</h4>
<p><img class="wp-image-219 aligncenter" src="/wp-content/uploads/2018/03/d-my-stuff-new-folder-2-new-folder-cross-png-1.png" alt="D:\mY sTufF\New folder (2)\New folder\cross.png" width="157" height="157" srcset="/wp-content/uploads/2018/03/d-my-stuff-new-folder-2-new-folder-cross-png-1.png 345w, /wp-content/uploads/2018/03/d-my-stuff-new-folder-2-new-folder-cross-png-1-150x150.png 150w, /wp-content/uploads/2018/03/d-my-stuff-new-folder-2-new-folder-cross-png-1-300x300.png 300w" sizes="(max-width: 157px) 100vw, 157px" /></p>
<p>පළවෙනි පියවර තමයි, උඩ (U) පැත්තෙ මේ වගේ කතිරයක් හදාගන්න එක. තවත් විදියකට කිව්වොත්, U පැත්තෙ Edge 4 නිවැරදිව හාද ගැනීම. මම හදල තියෙන්නෙ සුදු පාට පැත්තෙ, ඒත් ඔයාලට කැමති පැත්තක් තෝරගන්න පුළුවන්. ඒත් සුදු පැත්තම තෝර ගත්තොත් ඔයාලට තේරුම් ගන්න ලේසි වෙයි.</p>
<p><img class="wp-image-220 alignleft" src="/wp-content/uploads/2018/03/d-my-stuff-new-folder-2-new-folder-rubiks-cube-1-1.jpeg" alt="D:\mY sTufF\New folder (2)\New folder\rubiks-cube-step1-1.jpg" /> මෙතනදි ටිකක් සැලකිලිමත් වෙන්න ඕන. කතිරය හරියට තියෙන්න ඕන වගේම වටේ පාටත් හරියට ගැළපෙන්න ඕන. මෙතන තියන පළවෙනි රූපයෙ කතිරෙ හදල තියෙන විදිය වැරදියි. ඒකෙ වටේ පැතිවල පාට හරියට ගැළපිල නෑ.</p>
<p>ඔයාල හදන කතිරෙ දෙවෙනි රූපයෙ තියන ආකාරයේ එකක් වෙන්න ඕන</p>
<p>මේක ඉතින් තනියම තමයි ඉගෙන ගන්න ඕන. ඒත් මෙතනදි ඔයාලට මුහුණ දෙන්න වෙන අවස්ථා කීපයක් හා ඒවාට විසඳුම් පහලින් දාන්නම්. මෙහිදී රතු පාට පැත්ත ඉදිරිපස මුහුණත විදියට තියාගෙන දී ඇති පිලිවෙලට කරකවන්න.</p>
<p><img class="wp-image-221 alignleft" src="/wp-content/uploads/2018/03/d-my-stuff-new-folder-2-new-folder-cross-case2-1-1.png" alt="D:\mY sTufF\New folder (2)\New folder\cross case2.png" width="128" height="128" srcset="/wp-content/uploads/2018/03/d-my-stuff-new-folder-2-new-folder-cross-case2-1-1.png 236w, /wp-content/uploads/2018/03/d-my-stuff-new-folder-2-new-folder-cross-case2-1-1-150x150.png 150w" sizes="(max-width: 128px) 100vw, 128px" /></p>
<p>&nbsp;</p>
<p>විසඳුම- R (දකුණුපස මුහුණත දක්ෂිණාවර්තව 90<sup>0</sup> ක් කරකවන්න.)</p>
<p>&nbsp;</p>
<p>&nbsp;</p>
<p><img class="wp-image-222 alignleft" src="/wp-content/uploads/2018/03/d-my-stuff-new-folder-2-new-folder-cross-case-3-1.png" alt="D:\mY sTufF\New folder (2)\New folder\cross case 3.png" width="126" height="126" srcset="/wp-content/uploads/2018/03/d-my-stuff-new-folder-2-new-folder-cross-case-3-1.png 220w, /wp-content/uploads/2018/03/d-my-stuff-new-folder-2-new-folder-cross-case-3-1-150x150.png 150w" sizes="(max-width: 126px) 100vw, 126px" /></p>
<p>&nbsp;</p>
<p>විසඳුම- R2 (දකුණුපස මුහුණත දක්ෂිණාවර්තව 180<sup>0</sup> ක් කරකවන්න.)</p>
<p>&nbsp;</p>
<p>&nbsp;</p>
<p><img class="wp-image-223 alignleft" src="/wp-content/uploads/2018/03/d-my-stuff-new-folder-2-new-folder-cross-case1-1-1.png" alt="D:\mY sTufF\New folder (2)\New folder\cross case1.png" width="128" height="128" srcset="/wp-content/uploads/2018/03/d-my-stuff-new-folder-2-new-folder-cross-case1-1-1.png 210w, /wp-content/uploads/2018/03/d-my-stuff-new-folder-2-new-folder-cross-case1-1-1-150x150.png 150w" sizes="(max-width: 128px) 100vw, 128px" /></p>
<p>&nbsp;</p>
<p>විසඳුම- R’ U F’ U’</p>
<p>&nbsp;</p>
<p>&nbsp;</p>
<p>ඔයා සාර්ථකව කතිරය හදාගත්තනම් ඔයාට පුළුවන් 2 පියවරට යන්න.</p>
<h4>2. වන පියවර</h4>
<p><strong> </strong></p>
<p><img class="wp-image-252 aligncenter" src="/wp-content/uploads/2018/03/https-2-bp-blogspot-com-yjnnrnq5k2s-wj3cz7v5hqi.png" alt="https://2.bp.blogspot.com/-YjnNrnQ5k2s/WJ3cz7v5hQI/AAAAAAAAAHc/NthULb9Fw_Yw1cYSphe-FmbJK8zM3hG3gCLcB/s400/cross%2Bto%2Bfirstlayer.png" srcset="/wp-content/uploads/2018/03/https-2-bp-blogspot-com-yjnnrnq5k2s-wj3cz7v5hqi.png 400w, /wp-content/uploads/2018/03/https-2-bp-blogspot-com-yjnnrnq5k2s-wj3cz7v5hqi-300x102.png 300w" sizes="(max-width: 400px) 100vw, 400px" /></p>
<p>මේ පියවරේ තියෙන්නෙ රූපයේ තියන විදියට U පැත්ත සම්පූර්ණයෙන්ම හදා ගැනීම.</p>
<p>මේක කලින්ට වඩා චුට්ටක් අමාරු වෙන්න පුළුවන්. කලින් පියවරේදි edge 4 හදාගත්තනෙ. දැන් තියෙන්නෙ corner 4 හදාගන්න. ඒක කරන්නෙ මෙහෙමයි.</p>
<p><img class="wp-image-253 aligncenter" src="/wp-content/uploads/2018/03/https-3-bp-blogspot-com-xgorqsoicl8-wj3dieqeqli.png" alt="https://3.bp.blogspot.com/-xGorQSoicl8/WJ3dIeqeqLI/AAAAAAAAAHg/RRtw1LAWqQwBk8RpbwmT9joA0gWYBP5lgCLcB/s200/first%2Bface1.png" /></p>
<p>මම හැදුවෙ සුදු පාට කතිරයක්නෙ. රුබික්ස් කැටයෙ තියන corner 8න් සුදු පාට තියෙන ඒව 4ක් තියෙන්න ඕනනෙ. ඉතිං මට කරන්න  තියෙන්නෙ ඒ 4 හොයාගෙන එකින් එක හරි තැනට දමන එක. පළමුවෙන්ම ඔයා සුදු පාට තියන corner එකක් තෝරගන්න. ඊට පස්සෙ ඒක දැමිය යුතු ස්ථානය හොයාගන්න. ඊට පස්සේ ඉහල රූපයෙ තියන විදියට ඒ දැමිය යුතු තැනම යට layer එකට ඒකගන්න. තේරුණේ නැත්නම් ආපහු බලන්නකො. ඉහල රූපයෙ තද අළු පාට තැනට එන්න ඕන cornerඑක තමයි එතනම යට තියෙන්නෙ. අන්න එතනට තමයි එ්ක ගන්න ඕන.</p>
<p>ඊට පස්සෙ පහල තියෙන රූප වලින් අදාළ රූපය අනුව විසඳුම හොයාගන්න. (රූප වල F කියල තියෙන්නෙ (රතු පාට පැත්ත) ඉස්සරහ පැත්ත)</p>
<p><img class="alignleft wp-image-254" src="/wp-content/uploads/2018/03/https-2-bp-blogspot-com-ewa8vt2iokq-wj3ddusm1yi.png" alt="https://2.bp.blogspot.com/-ewa8vT2IOKQ/WJ3ddUsm1YI/AAAAAAAAAHk/yMOdPlvjNZ4wZdq_OhkFv7pR3t34Ofd7wCLcB/s200/first%2Bface2.png" width="133" height="133" srcset="/wp-content/uploads/2018/03/https-2-bp-blogspot-com-ewa8vt2iokq-wj3ddusm1yi.png 200w, /wp-content/uploads/2018/03/https-2-bp-blogspot-com-ewa8vt2iokq-wj3ddusm1yi-150x150.png 150w" sizes="(max-width: 133px) 100vw, 133px" /></p>
<p>&nbsp;</p>
<p><strong>D’ R’ D R</strong></p>
<p>&nbsp;</p>
<p>&nbsp;</p>
<p><img class="wp-image-255 alignleft" src="/wp-content/uploads/2018/03/https-3-bp-blogspot-com-emnetx0bqs4-wj3dtlxf1xi.png" alt="https://3.bp.blogspot.com/-EMNeTx0BQs4/WJ3dtlXF1xI/AAAAAAAAAHs/-6WNUQDVTLEOsfRxH1ux6axloT-_Pq3dACLcB/s200/first%2Bface3.png" width="133" height="133" srcset="/wp-content/uploads/2018/03/https-3-bp-blogspot-com-emnetx0bqs4-wj3dtlxf1xi.png 200w, /wp-content/uploads/2018/03/https-3-bp-blogspot-com-emnetx0bqs4-wj3dtlxf1xi-150x150.png 150w" sizes="(max-width: 133px) 100vw, 133px" /></p>
<p>&nbsp;</p>
<p><strong>D F D’ F’</strong></p>
<p>&nbsp;</p>
<p>&nbsp;</p>
<p><img class="wp-image-256 alignleft" src="/wp-content/uploads/2018/03/https-1-bp-blogspot-com-8sdi9b9oqywithwj3d6ksmmhi.png" alt="https://1.bp.blogspot.com/-8SdI9b9OqYw/WJ3d6ksMMHI/AAAAAAAAAHw/IS4D4NygXzwK4syCa3Uw8B0k-T-HCIoqwCLcB/s200/first%2Bface4.png" width="133" height="168" /></p>
<p>&nbsp;</p>
<p>&nbsp;</p>
<p><strong>D’ R’ D R   D F D’ F’</strong></p>
<p>&nbsp;</p>
<p>&nbsp;</p>
<p>මේ විදියට ඔයාල සුදු පාට පැත්ත හදා ගත්ත නම් ඊළඟට ඔයාල කැටය අනිත් පැත්තට හරවන්න ඕන.සුදු පාට පැත්ත යටට හිටින විදියට. එතකොට මේ වගේ පෙනේවි.</p>
<p><img class="wp-image-257 aligncenter" src="/wp-content/uploads/2018/03/https-4-bp-blogspot-com-0g7n-civvci-wj3eojijkki.png" alt="https://4.bp.blogspot.com/-0g7n-civvcI/WJ3eOjIjKkI/AAAAAAAAAH4/yDzlnn24-TAwpflLx8Y0KacoN3IgX3n8ACLcB/s200/first%2Bface%2Bfinal.png" srcset="/wp-content/uploads/2018/03/https-4-bp-blogspot-com-0g7n-civvci-wj3eojijkki.png 200w, /wp-content/uploads/2018/03/https-4-bp-blogspot-com-0g7n-civvci-wj3eojijkki-150x150.png 150w" sizes="(max-width: 200px) 100vw, 200px" /></p>
<p>සේරම හරි නම් 3 වන පියවරට යමු.</p>
<h4>3.  වන පියවර</h4>
<p><img class="wp-image-258 aligncenter" src="/wp-content/uploads/2018/03/https-4-bp-blogspot-com-hckakhjviik-wj3e05zptxi.png" alt="https://4.bp.blogspot.com/-hcKaKhJVIIk/WJ3e05ZPtXI/AAAAAAAAAIA/nszy9v61VegEHhNo3feUD1sFA_JQxwSbgCLcB/s400/first%2Bface%2Bto%2Bf2l.png" srcset="/wp-content/uploads/2018/03/https-4-bp-blogspot-com-hckakhjviik-wj3e05zptxi.png 400w, /wp-content/uploads/2018/03/https-4-bp-blogspot-com-hckakhjviik-wj3e05zptxi-300x102.png 300w" sizes="(max-width: 400px) 100vw, 400px" /></p>
<p>මේ වෙනකොට අපි යටම ලේයර් එක හදල ඉවරයි. දැන් අපි බලමු දෙවනි ලේයර් එක (මැද ලේයර් එක) හදන විදිය. මෙතනදි කරන්න තියෙන්නෙ මැද ලේයර් එකේ තියන <strong>Edge </strong>4 හරි තැනට දමන එක.මේක ටිකක් තේරුම් ගන්න අමාරු වෙන්න පුළුවන්. ඒ නිසා හොඳට අවධානයෙන් කියවන්න.</p>
<p>උඩ (U) ලේයර් එකේ තියන <strong>Edge 4</strong> න්, කහ පාට පැත්තක් නැති <strong>Edge </strong>එකක් හොයාගන්න.</p>
<p><img class="wp-image-259 aligncenter" src="/wp-content/uploads/2018/03/https-1-bp-blogspot-com-lvznz4szmp0-wj3gcrusyei.png" alt="https://1.bp.blogspot.com/-LVZNz4SzmP0/WJ3gCRuSYeI/AAAAAAAAAIM/0Add1A_YAscZmswGELC6-MCe23XO1VI3wCLcB/s320/1%2Bto%2B2.png" srcset="/wp-content/uploads/2018/03/https-1-bp-blogspot-com-lvznz4szmp0-wj3gcrusyei.png 320w, /wp-content/uploads/2018/03/https-1-bp-blogspot-com-lvznz4szmp0-wj3gcrusyei-300x102.png 300w" sizes="(max-width: 320px) 100vw, 320px" /></p>
<p>උඩ වම් පැත්තෙ තියෙන රූපය බලන්නකො. ඒකෙ උඩ ලේයර් එකේ තියන රතු, නිල් Edge 1 බලන්නකො. ඒ වගේ එකක් තමයි ඔයා හොයාගන්න ඕන. (ඒකෙ කහ පාට පැත්තක් නෑනෙ.) දැන් ඒකේ නිල් පාට පැත්ත රුබික්ස් කැටයෙ නිල් පාට පැත්තට එන විදියට කරකවාගන්න. උඩ දකුණු පැත්තෙ තියෙන රූපයෙ තියන විදියට. දැන් ඔයාලට පේනවද ඒ Edge 1 එන්න ඕන නිවැරදි ස්ථානය මොකද්ද කියල. පහල රූපයෙ ඒ ස්ථානය හා එ්කට විසඳුම පෙන්නල තියෙනව. [නිල් පාට ඔයාගෙ පැත්තට එන විදියට (F මුහුණත විදියට) කැටය අල්ලගන්න.]</p>
<p><img class="wp-image-260 alignleft" src="/wp-content/uploads/2018/03/https-1-bp-blogspot-com-uuavf6a-pdy-wj3gdzxv1ii.png" alt="https://1.bp.blogspot.com/-uuaVf6A-PdY/WJ3gdzxV1II/AAAAAAAAAIU/6UNNZE-Fn0YTZIhlkR_tQGspL8qm9aZMgCLcB/s200/f2l%2B%25E0%25B6%25A2.png" width="148" height="148" srcset="/wp-content/uploads/2018/03/https-1-bp-blogspot-com-uuavf6a-pdy-wj3gdzxv1ii.png 200w, /wp-content/uploads/2018/03/https-1-bp-blogspot-com-uuavf6a-pdy-wj3gdzxv1ii-150x150.png 150w" sizes="(max-width: 148px) 100vw, 148px" /></p>
<p>&nbsp;</p>
<p><strong>U R U’ R’   U’ F’ U F</strong></p>
<p>&nbsp;</p>
<p>&nbsp;</p>
<p>මේ වගේම මේ පැත්තට අදාළ විසඳුම තමයි මේ තියෙන්නෙ.</p>
<p><img class="wp-image-261 alignleft" src="/wp-content/uploads/2018/03/https-2-bp-blogspot-com-vggysl0drr4-wj3grq8xxqi.png" alt="https://2.bp.blogspot.com/-vggySl0DRr4/WJ3grQ8xXqI/AAAAAAAAAIY/YyQEcajp-HM_uRCuKL_5rN-BhZWV4otnQCLcB/s200/f2l%2B%25E0%25B7%258F.png" srcset="/wp-content/uploads/2018/03/https-2-bp-blogspot-com-vggysl0drr4-wj3grq8xxqi.png 200w, /wp-content/uploads/2018/03/https-2-bp-blogspot-com-vggysl0drr4-wj3grq8xxqi-150x150.png 150w" sizes="(max-width: 200px) 100vw, 200px" /></p>
<p>&nbsp;</p>
<p>&nbsp;</p>
<p><strong>U’ L’ U L   U F U’ F’</strong></p>
<p>&nbsp;</p>
<p>&nbsp;</p>
<p>&nbsp;</p>
<p style="color: #c00000;">සමහර වෙලාවකට මේ Edge දැනටමත් මැද ලේයර් එකේ තියෙන්න පුළුවන්. ඒත් වැරදි ස්ථාන වල. එහෙම උනොත් උඩ තියෙන විසඳුම් 2න් කැමති එකක් කරන්න. එතකොට ඒ  Edge එක උඩ මුහුණතට (U) ඒවි. ඊට පස්සෙ උඩ කියල තියෙන විදියට ඒක හරි ස්ථානයට දමාගන්න.</p>
<p>මේ විදියට ඒ Edge 4ම හදාගත්ත නම් ඔයාල රුබික්ස් කැටයෙ ලේයර් 2ක් හදල ඉවරයි.</p>
<h4>4.    වන පියවර</h4>
<p><img class="wp-image-262 aligncenter" src="/wp-content/uploads/2018/03/https-2-bp-blogspot-com-35qirsy-bcm-wj3hxux3eri.png" alt="https://2.bp.blogspot.com/-35qIRsy-bcM/WJ3hXUX3eRI/AAAAAAAAAIg/lfVJSXHTR1UjzfVE16CneP81t3z48chFACLcB/s320/f2l%2Bto%2Bycross.png" srcset="/wp-content/uploads/2018/03/https-2-bp-blogspot-com-35qirsy-bcm-wj3hxux3eri.png 320w, /wp-content/uploads/2018/03/https-2-bp-blogspot-com-35qirsy-bcm-wj3hxux3eri-300x102.png 300w" sizes="(max-width: 320px) 100vw, 320px" /></p>
<p>මේ පියවරේදි තියෙන්නෙ U මුහුණතේ උඩ රූපයේ වගේ කහ පාට කතිරයක් හදාගන්න එක. හැබැයි මෙතනදි පැත්තෙ තියන පාට ගැළපෙන්නම ඕන නෑ. U මුහුණතේ කහ පාට කතිරයක් තිබුණම ඇති.</p>
<p>මේකට අවශ්‍ය විසඳුම:   <strong>F R U R’ U’ F’</strong></p>
<p>කහ පාට කතිරයක් එනකංම මේ විදියට කරකවන්න ඕන.</p>
<p><img class="wp-image-263 aligncenter" src="/wp-content/uploads/2018/03/https-1-bp-blogspot-com-3k1z4powaka-wj3hy7yv5bi.png" alt="https://1.bp.blogspot.com/-3k1Z4poWaKA/WJ3hy7YV5BI/AAAAAAAAAIo/RI1jwsoqhV04eemRGw3tyDKX2-cLWVrgQCLcB/s400/ll%2B4.png" width="432" height="123" srcset="/wp-content/uploads/2018/03/https-1-bp-blogspot-com-3k1z4powaka-wj3hy7yv5bi.png 400w, /wp-content/uploads/2018/03/https-1-bp-blogspot-com-3k1z4powaka-wj3hy7yv5bi-300x86.png 300w" sizes="(max-width: 432px) 100vw, 432px" /></p>
<p>මෙන්න මේ වගේ පිළිවෙළකට තමයි මේක වෙන්නෙ. මේක හරි නම් 5වන පියවරට යමු.</p>
<h4>5.    වන පියවර</h4>
<p><img class="wp-image-264 aligncenter" src="/wp-content/uploads/2018/03/https-4-bp-blogspot-com-6_hlaxj3wdk-wj3xxvtpxfi.png" alt="https://4.bp.blogspot.com/-6_hLAXj3Wdk/WJ3xxvTpXfI/AAAAAAAAAJ4/waIZd6syqaUNKSGr0mwfrfzbTQipO2ASwCLcB/s400/ycross%2Bto%2Boll.png" srcset="/wp-content/uploads/2018/03/https-4-bp-blogspot-com-6_hlaxj3wdk-wj3xxvtpxfi.png 400w, /wp-content/uploads/2018/03/https-4-bp-blogspot-com-6_hlaxj3wdk-wj3xxvtpxfi-300x102.png 300w" sizes="(max-width: 400px) 100vw, 400px" /></p>
<p>මේ පියවරේදි U පැත්තෙ සේරම corners කහ පාට කරගන්න විදිය බලමු.<br />
දැන් U පැත්ත දිහා බලන්න. පහල තියෙන අවස්ථා වලින් ගැලපෙන අවස්ථාව තොරගන්න.</p>
<p>(රූප වල F වලින් දක්වල තියෙන්නෙ F මුහුණත)</p>
<p><img class="wp-image-265 alignleft" src="/wp-content/uploads/2018/03/https-2-bp-blogspot-com-0u2uw9uc1_0-wj3ybhzrnei.png" alt="https://2.bp.blogspot.com/-0u2uW9uC1_0/WJ3yBHzrneI/AAAAAAAAAJ8/RgUw9yek35sNpJ-X2oUSqvZrTU-ufMCNQCLcB/s200/ll%2B7.png" width="144" height="144" srcset="/wp-content/uploads/2018/03/https-2-bp-blogspot-com-0u2uw9uc1_0-wj3ybhzrnei.png 200w, /wp-content/uploads/2018/03/https-2-bp-blogspot-com-0u2uw9uc1_0-wj3ybhzrnei-150x150.png 150w" sizes="(max-width: 144px) 100vw, 144px" /></p>
<p>&nbsp;</p>
<p>U මුහුණතේ කිසිම corner එකක් කහ පාට නැත්තම්, ඊතලයෙන් පෙන්වල තියෙන තැනට (වම් මුහුණතට) කහ පාට corner එකක් එන විදියට U මුහුණත හරවගන්න.</p>
<p>&nbsp;</p>
<p><img class="wp-image-266 alignleft" src="/wp-content/uploads/2018/03/https-2-bp-blogspot-com-qr8qkjlh9yq-wj3ytoo4iwi.png" alt="https://2.bp.blogspot.com/-qR8QKJlH9yQ/WJ3yTOO4IwI/AAAAAAAAAKE/XFs0AyfQ6ZI36iDWQ35Fa_ul1AehJPMPQCLcB/s200/ll%2B8.png" width="150" height="150" srcset="/wp-content/uploads/2018/03/https-2-bp-blogspot-com-qr8qkjlh9yq-wj3ytoo4iwi.png 200w, /wp-content/uploads/2018/03/https-2-bp-blogspot-com-qr8qkjlh9yq-wj3ytoo4iwi-150x150.png 150w" sizes="(max-width: 150px) 100vw, 150px" /></p>
<p>&nbsp;</p>
<p>එකක් විතරක් කහ පාට නම්, ඊතලයෙන් පෙන්වල තියෙන තැනට ඒ corner එක එන විදියට U මුහුණත හරවගන්න.</p>
<p>&nbsp;</p>
<p>&nbsp;</p>
<p><img class="wp-image-267 alignleft" src="/wp-content/uploads/2018/03/https-3-bp-blogspot-com-cxxehrto1iu-wj3yiw5tkbi.png" alt="https://3.bp.blogspot.com/-CxXehRTO1IU/WJ3yiW5TkbI/AAAAAAAAAKI/edetEMbC7ow7TtWFzXJD9QYAWlRybqzjgCLcB/s320/all%2Bin%2Bone%2B2.png" srcset="/wp-content/uploads/2018/03/https-3-bp-blogspot-com-cxxehrto1iu-wj3yiw5tkbi.png 135w, /wp-content/uploads/2018/03/https-3-bp-blogspot-com-cxxehrto1iu-wj3yiw5tkbi-127x300.png 127w" sizes="(max-width: 135px) 100vw, 135px" /></p>
<p>&nbsp;</p>
<p>&nbsp;</p>
<p>&nbsp;</p>
<p>U මුහුණතේ corner 2ක් කහ පාට නම්, ඉතිරි corner 2න් එකක කහ පාට පැත්ත ඊතලයෙන් පෙන්වල තියෙන තැනට එන විදියට U මුහුණත හරවගන්න.</p>
<p>&nbsp;</p>
<p>&nbsp;</p>
<p>&nbsp;</p>
<p>&nbsp;</p>
<p>මේ විදියට U මුහුණත හරියට හරවගෙන පහත තියෙන විදියට කරකවන්න.</p>
<p><strong>R U R’ U R U2 R’</strong></p>
<p>කලින් වගේම U පැත්තෙ සේරම කහ පාට වෙනකම් මේ විදියට කරකවන්න.</p>
<p>ඒ කරකවන හැම වතාවකදිම උඩ කියල තියන විදියට U මුහුණත හරවගන්න ඕන.</p>
<h4>6.    වන පියවර</h4>
<p><img class="wp-image-268 aligncenter" src="/wp-content/uploads/2018/03/https-4-bp-blogspot-com-_q307jcigpm-wj3zturl-ri.png" alt="https://4.bp.blogspot.com/-_Q307jCIgpM/WJ3zTURL-RI/AAAAAAAAAKQ/v_Gby9a7b3gyV1I51WoWyrhhMz4-W9cRwCLcB/s400/oll%2Bto%2Bpll%2B1.png" srcset="/wp-content/uploads/2018/03/https-4-bp-blogspot-com-_q307jcigpm-wj3zturl-ri.png 400w, /wp-content/uploads/2018/03/https-4-bp-blogspot-com-_q307jcigpm-wj3zturl-ri-300x102.png 300w" sizes="(max-width: 400px) 100vw, 400px" /></p>
<p>6 වෙනි පියවරේදි තියෙන්නෙ U මුහුණතේ corner 4 හරි ස්ථානයට ගන්න එක. දැනටමත් corner 4ම හරි තැනට ඇවිල්ල තියෙනවනම්, ඔයාලට පුළුවන් 7 වන පියවරට යන්න. එහෙම නැත්තම් මෙහෙම කරන්න. දැන් ඔයාල U මුහුණත වටේට කරකවනකොට සමහර corner හරි ස්ථානයට එනව නේද? සේරම නොවුණත් 1ක් හෝ 2ක් හරි ස්ථානයට එනව ඔයාලට පෙනෙයි. ඔයාල දැන් කරන්න ඕන, මේ corner වලින් <strong>එකක් විතරක්</strong> හරි ස්ථානයට එන විදියට  U මුහුණත කරකවාගන්න එක. දැන් ඒ corner එක පහල රූපයෙ (ඊතලය) තියෙන තැනට එන විදියට තමයි කැටය අල්ලගන්න ඕන. මෙතනදි F කියල තියෙන්නෙ ඉදිරිපස මුහුණත කියල ඔයාල දන්නවනෙ.<br />
<img class="wp-image-269 aligncenter" src="/wp-content/uploads/2018/03/https-1-bp-blogspot-com-5ejr0usokvk-wj3zppkrzki.png" alt="https://1.bp.blogspot.com/-5ejR0USOKVk/WJ3zppkrZKI/AAAAAAAAAKY/lT-a74IRz_c8uUbffljQ4JLGIcEye-1NACLcB/s200/ll%2B13.png" srcset="/wp-content/uploads/2018/03/https-1-bp-blogspot-com-5ejr0usokvk-wj3zppkrzki.png 200w, /wp-content/uploads/2018/03/https-1-bp-blogspot-com-5ejr0usokvk-wj3zppkrzki-150x150.png 150w" sizes="(max-width: 200px) 100vw, 200px" /></p>
<p style="color: #c00000;">සමහර වෙලාවට <strong>එකක් විතරක් </strong>හරි ස්ථානයට එන විදියට  U මුහුණත කරකවාගන්න බැරිවෙන්න පුළුවන්. එතකොට එක corner එකක් වත් හරි ස්ථානයට එන්නෙ <strong>නැති</strong> විදියට  U මුහුණත කරකවාගන්න.</p>
<p>දැන් මෙන්න මේ විදියට කරකවන්න ඕන.</p>
<p style="text-align: center;"><strong>R’ F R’ B2 R F’ R’ B2 R2</strong></p>
<p>මේ විදියට එක පාරක් හෝ දෙපාරක් කරකැව්වම වැඩේ හරි යන්න ඕන.</p>
<h4>7.    වන පියවර</h4>
<p><img class="wp-image-270 aligncenter" src="/wp-content/uploads/2018/03/https-4-bp-blogspot-com-qlzrzrkgzxi-wj30rvhywxi.png" alt="https://4.bp.blogspot.com/-QLzrzRKGzxI/WJ30RvHYWXI/AAAAAAAAAKg/3KR9HKFHHKETAP2qw3GpDuU9zCczdOgoQCLcB/s400/pll%2Bto%2Bfinal.png" srcset="/wp-content/uploads/2018/03/https-4-bp-blogspot-com-qlzrzrkgzxi-wj30rvhywxi.png 400w, /wp-content/uploads/2018/03/https-4-bp-blogspot-com-qlzrzrkgzxi-wj30rvhywxi-300x102.png 300w" sizes="(max-width: 400px) 100vw, 400px" /></p>
<p>මේක තමයි අවසාන පියවර. 😊 දැන් ඉතිරි වෙලා තියෙන්නෙ Edge 4 හදන්න විතරයි. ඔයාල බලන්න ඕන හරිතැනට ඇවිත් තියෙන Edge  එකක් හරි තියෙනවද කියල. එහෙම තියෙනවනම් ඒක B මුණතට එන  විදියට කැටය හරවගන්න. පහල රූපය බලන්න.</p>
<p><img class="wp-image-271 aligncenter" src="/wp-content/uploads/2018/03/https-2-bp-blogspot-com-oz8w4hwh9ik-wj30omzwt_i.png" alt="https://2.bp.blogspot.com/-Oz8W4Hwh9ik/WJ30omzWt_I/AAAAAAAAAKk/FUKtu4hwKa8kxRWZwRuCtS5HLmo1bjJBgCLcB/s200/ll%2B14.png" /> එක Edge එකක්වත් හරි ස්ථානයේ නැත්තම්  කැමති විදියකට කැටය හරවගන්න. දැන් පහල තියෙන විදියට කරකවන්න.</p>
<p style="text-align: center;"><strong>R U’ R U R U R U’ R’ U’ R2</strong></p>
<p>මේ විදියට එක පාරක් හෝ දෙපාරක් කරකැව්වම වැඩේ හරි!</p>
<p>හරි, දැන් ඔයාල දන්නව රුබික්ස් කැටය විසදන්නෙ කියල. ප්‍රශ්න, අදහස්, යෝජනා, ඡෝදනා තියෙනවනම්  කොමන්ටුවක් දාන්න. 😇</p>
<p>මම ඔයාල⁣ මේ කියල දුන්නෙ මේක විසදන්න (මම දන්න තරමන්) තියෙන ලේසිම ක්‍රමය. හැබැ⁣යි මේ ක්‍රමය⁣ට මේක විසදන්න ගියාම ගොඩක් වෙලාව යනව. ඒත් ඔයාල දැකල ඇති තත්පර 5ක් 6ක් ඇතුලත මේක විසදන අය. ඒ අ⁣⁣ය කොහොමද එච්චර ඉක්මනට ඒක විසදන්නෙ? ඒ අයත් භාවිතා කරන්නෙ මේ ක්‍රමයෙම ටිකක් වැඩිදියුනු කරපු version එකක්. ඒ ගැනත් දැන ගන්න⁣ ඕනෙ නම් පහලින් comment එකක් දාන්න.</p>
<p>&nbsp;</p>
<p>The post <a rel="nofollow" href="/index.php/2018/03/21/how-to-solve-rubiks-cube/">රුබික්ස් කැටය විසඳමු How to solve Rubik&#8217;s cube</a> appeared first on <a rel="nofollow" href="/">The SIGMA</a>.</p>
]]></content:encoded>
							<wfw:commentRss>/index.php/2018/03/21/how-to-solve-rubiks-cube/feed/</wfw:commentRss>
		<slash:comments>0</slash:comments>
							</item>
	</channel>
</rss>
