<?xml version="1.0" encoding="UTF-8"?><rss version="2.0"
	xmlns:content="http://purl.org/rss/1.0/modules/content/"
	xmlns:dc="http://purl.org/dc/elements/1.1/"
	xmlns:atom="http://www.w3.org/2005/Atom"
	xmlns:sy="http://purl.org/rss/1.0/modules/syndication/"
	
	>
<channel>
	<title>
	Comments on: Firebase එක්ක Login, Registration App එකක් හදමු	</title>
	<atom:link href="/index.php/2018/07/09/firebase-login-registration-app/feed/" rel="self" type="application/rss+xml" />
	<link>/index.php/2018/07/09/firebase-login-registration-app/</link>
	<description>&#60;For Those Who Code/&#62;</description>
	<lastBuildDate>
	Tue, 09 Apr 2019 02:05:35 +0000	</lastBuildDate>
	<sy:updatePeriod>
	hourly	</sy:updatePeriod>
	<sy:updateFrequency>
	1	</sy:updateFrequency>
	<generator>https://wordpress.org/?v=5.1.1</generator>
			<item>
				<title>
				By: Danushka Herath				</title>
				<link>/index.php/2018/07/09/firebase-login-registration-app/#comment-236</link>
		<dc:creator><![CDATA[Danushka Herath]]></dc:creator>
		<pubDate>Fri, 15 Feb 2019 16:19:58 +0000</pubDate>
		<guid isPermaLink="false">/?p=1150#comment-236</guid>
					<description><![CDATA[අදාල Activity එක Kill වෙන එක වෙන්නේ.]]></description>
		<content:encoded><![CDATA[<p>අදාල Activity එක Kill වෙන එක වෙන්නේ.</p>
]]></content:encoded>
						</item>
						<item>
				<title>
				By: Kasun				</title>
				<link>/index.php/2018/07/09/firebase-login-registration-app/#comment-235</link>
		<dc:creator><![CDATA[Kasun]]></dc:creator>
		<pubDate>Fri, 15 Feb 2019 13:22:54 +0000</pubDate>
		<guid isPermaLink="false">/?p=1150#comment-235</guid>
					<description><![CDATA[මේකෙ ගොඩක් තැන්වල call කරල තියෙන finish() function එකෙන් මොකද්ද වෙන්නෙ?]]></description>
		<content:encoded><![CDATA[<p>මේකෙ ගොඩක් තැන්වල call කරල තියෙන finish() function එකෙන් මොකද්ද වෙන්නෙ?</p>
]]></content:encoded>
						</item>
			</channel>
</rss>
